Referrer,Downloads
www.google.com/,5186
scholar.google.com/,3465
digital.kenyon.edu/dh_iphs_prog/22/,2261
digital.kenyon.edu/dh_iphs_ai/14/,415
digital.kenyon.edu/dh_iphs_ai/13/,227
digital.kenyon.edu/dh_iphs_prog/26/,214
digital.kenyon.edu/dh_iphs_ai/9/,205
digital.kenyon.edu/dh_iphs_ai/17/,127
digital.kenyon.edu/dh_iphs_ai/18/,123
digital.kenyon.edu/dh_iphs_prog/25/,120
digital.kenyon.edu/dh_iphs_prog/31/,117
digital.kenyon.edu/dh_iphs_prog/,109
digital.kenyon.edu/dh_iphs_ai/22/,108
digital.kenyon.edu/dh_iphs_ai/15/,107
scholar.google.de/,106
digital.kenyon.edu/dh_iphs_prog/12/,106
digital.kenyon.edu/dh_iphs_prog/63/,103
www.bing.com/,100
digital.kenyon.edu/dh_iphs_ss/18/,98
duckduckgo.com/,96
digital.kenyon.edu/dh_iphs_ai/,88
scholar.google.co.uk/,87
digital.kenyon.edu/dh_iphs_prog/32/,87
digital.kenyon.edu/dh_iphs_ai/23/,86
scholar.google.ca/,79
digital.kenyon.edu/dh_iphs_prog/24/,76
digital.kenyon.edu/dh_iphs_prog/27/,75
digital.kenyon.edu/dh_iphs_prog/23/,75
digital.kenyon.edu/dh_iphs_prog/30/,70
scholar.google.co.kr/,70
www.google.co.uk/,68
scholar.google.com.au/,65
digital.kenyon.edu/dh_iphs_prog/9/,65
digital.kenyon.edu/dh_iphs_prog/28/,65
digital.kenyon.edu/dh_iphs_ai/12/,64
digital.kenyon.edu/dh_iphs_ai/3/,64
scholar.google.com.hk/,64
scholar.google.es/,64
digital.kenyon.edu/dh_iphs_ai/33/,62
digital.kenyon.edu/dh_iphs_prog/10/,62
digital.kenyon.edu/dh_iphs_prog/17/,61
digital.kenyon.edu/dh_iphs_ai/16/,60
digital.kenyon.edu/dh_iphs_prog/37/,60
digital.kenyon.edu/dh_iphs_prog/39/,59
digital.kenyon.edu/,58
digital.kenyon.edu/dh_iphs_prog/7/,58
digital.kenyon.edu/dh_iphs_ai/30/,57
digital.kenyon.edu/dh_iphs_ai/32/,54
digital.kenyon.edu/dh_iphs_ai/27/,53
digital.kenyon.edu/dh_iphs_ai/34/,52
digital.kenyon.edu/dh_iphs_ai/4/,51
digital.kenyon.edu/dh_iphs_prog/29/,51
digital.kenyon.edu/dh_iphs_prog/35/,51
digital.kenyon.edu/dh_iphs_prog/44/,50
digital.kenyon.edu/dh_iphs_prog/13/,50
digital.kenyon.edu/dh_iphs_ai/7/,49
scholar.google.nl/,46
digital.kenyon.edu/dh_iphs_ai/29/,44
scholar.google.co.jp/,44
digital.kenyon.edu/dh_iphs_prog/59/,44
digital.kenyon.edu/dh_iphs_prog/49/,44
scholar.google.com.br/,43
digital.kenyon.edu/dh_iphs_ai/26/,43
digital.kenyon.edu/dh_iphs_prog/46/,43
digital.kenyon.edu/dh_iphs_prog/40/,41
digital.kenyon.edu/dh_iphs_ai/5/,41
digital.kenyon.edu/dh_iphs_prog/38/,41
www.google.ca/,40
digital.kenyon.edu/dh_iphs_prog/19/,39
scholar.google.com.tw/,39
digital.kenyon.edu/dh_iphs_prog/43/,38
digital.kenyon.edu/dh_iphs_ai/8/,38
digital.kenyon.edu/dh_iphs_prog/36/,37
digital.kenyon.edu/dh_iphs_ai/2/,37
www.google.com.hk/,36
digital.kenyon.edu/dh_iphs_prog/15/,36
digital.kenyon.edu/do/search/,36
scholar.google.co.in/,36
digital.kenyon.edu/dh_iphs_ss/1/,36
digital.kenyon.edu/dh_iphs_prog/14/,35
yandex.ru/,35
digital.kenyon.edu/dh_iphs_prog/47/,35
digital.kenyon.edu/dh_iphs_prog/48/,35
digital.kenyon.edu/dh_iphs_prog/5/,34
digital.kenyon.edu/dh_iphs_ai/21/,33
digital.kenyon.edu/dh_iphs_ss/6/,32
www.google.de/,32
digital.kenyon.edu/dh_iphs_ai/25/,32
digital.kenyon.edu/dh_iphs_ss/14/,32
digital.kenyon.edu/dh_iphs_ai/1/,32
digital.kenyon.edu/dh_iphs_prog/33/,31
digital.kenyon.edu/dh_iphs_ss/3/,31
digital.kenyon.edu/dh_iphs_ss/2/,30
digital.kenyon.edu/dh_iphs_prog/11/,28
digital.kenyon.edu/dh_iphs_prog/45/,27
digital.kenyon.edu/dh_iphs_ai/36/,27
digital.kenyon.edu/dh_iphs_ss/4/,27
digital.kenyon.edu/dh_iphs_ss/,26
digital.kenyon.edu/dh_iphs_ss/5/,26
digital.kenyon.edu/dh_iphs_ai/31/,26
digital.kenyon.edu/dh_iphs_prog/34/,26
www.kenyon.edu/,26
digital.kenyon.edu/dh_iphs_ai/6/,25
digital.kenyon.edu/dh_iphs_ai/28/,25
digital.kenyon.edu/dh_iphs_ss/7/,25
digital.kenyon.edu/dh_iphs_ai/35/,25
digital.kenyon.edu/dh_iphs_prog/1/,25
digital.kenyon.edu/dh_iphs_prog/6/,25
digital.kenyon.edu/dh_iphs_ss/12/,24
t.co/,24
sc.panda321.com/,24
digital.kenyon.edu/dh_iphs_prog/2/,23
digital.kenyon.edu/2020.html,23
digital.kenyon.edu/dh_iphs_prog/18/,23
digital.kenyon.edu/dh_iphs_prog/53/,23
digital.kenyon.edu/dh_iphs_ss/15/,22
digital.kenyon.edu/dh_iphs_prog/16/,21
digital.kenyon.edu/dh_iphs_prog/66/,21
digital.kenyon.edu/topdownloads.html,20
digital.kenyon.edu/dh_iphs_prog/21/,20
www.google.co.in/,20
digital.kenyon.edu/dh_iphs_prog/50/,20
digital.kenyon.edu/dh_iphs_ss/17/,20
digital.kenyon.edu/dh_iphs_ss/13/,19
digital.kenyon.edu/dh_iphs_prog/4/,19
www.google.fr/,19
digital.kenyon.edu/dh_iphs_prog/41/,18
digital.kenyon.edu/2019.html,18
scholar.google.com.tr/,18
digital.kenyon.edu/dh_iphs_ai/10/,18
scholar.google.fr/,17
cn.bing.com/,16
digital.kenyon.edu/dh_iphs_prog/57/,16
scholar.google.co.id/,16
digital.kenyon.edu/dh_iphs_ai/20/,16
www.google.com.au/,15
digital.kenyon.edu/dh_iphs_prog/42/,15
digital.kenyon.edu/dh_iphs_prog/55/,15
digital.kenyon.edu/dh_iphs_ai/11/,15
scholar.google.it/,14
www.google.com.ph/,14
www.startpage.com/,14
digital.kenyon.edu/dh_iphs_prog/20/,14
digital.kenyon.edu/dh_iphs_prog/54/,13
digital.kenyon.edu/dh_iphs_prog/51/,13
digital.kenyon.edu/dh_iphs_prog/60/,13
digital.kenyon.edu/dh_iphs_ss/8/,13
scholar.google.pl/,13
scholar.google.se/,12
digital.kenyon.edu/dh_iphs_prog/61/,12
scholar.google.ru/,12
scholar.google.be/,12
scholar.google.co.za/,11
www.ecosia.org/,11
l.facebook.com/,11
scholar.google.gr/,11
www.google.com.tw/,10
digital.kenyon.edu/dh_iphs_prog/56/,10
www.google.co.kr/,10
digital.kenyon.edu/dh_iphs_prog/62/,10
www.google.ru/,9
www.google.it/,9
search.yahoo.com/,9
scholar.google.co.il/,9
digital.kenyon.edu/dh_iphs_ss/20/,9
https%3A%2F%2Fscholar.google.com%2Fscholar%3Fhl%3Den%26as_sdt%3D0%252C5%26q%3DAI%2Bethics%2Band%2Bdance%26btnG%3D,8
scholar.google.ro/,8
https%3A%2F%2Fscholar.google.com%2Fscholar%3Fhl%3Den%26as_sdt%3D0%252C5%26q%3Dclimate%2Bdoomism%26btnG%3D,8
www.google.co.jp/,8
digital.kenyon.edu/dh_iphs_prog/52/,8
scholar.google.lt/,8
www.google.com,8
digital.kenyon.edu/dh_iphs_prog/8/,8
digital.kenyon.edu/dh_iphs_ai,8
digital.kenyon.edu/dh_iphs_ss/16/,8
digital.kenyon.edu/dh_iphs_prog/64/,7
scholar.google.com.ph/,7
www.google.es/,7
www.google.nl/,7
d2l.arizona.edu/,7
scholar.google.at/,7
digital.kenyon.edu/dh_iphs_prog/58/,7
scholar.google.com.pk/,7
www.google.com.br/,6
www.google.com.sg/,6
web.kamihq.com/,6
storyghost.ai/,6
https%3A%2F%2Fscholar.google.com%2Fscholar%3Fhl%3Den%26as_sdt%3D0%252C36%26q%3Dnepal%2Bcaste%2Bsystem%2Bnow%26btnG%3D,6
digital.kenyon.edu/2023.html,6
scholar.google.hu/,6
www.google.ch/,6
www.google.co.th/,6
scholar.google.com.ua/,6
digital.kenyon.edu/dh_iphs_ss/21/,5
scholar.google.pt/,5
digital.kenyon.edu,5
m.facebook.com/,5
m.facebook.com,5
www.google.com/url,5
learnx-svc.k12.com/,5
lm.facebook.com/,5
scholar.google.no/,5
https%3A%2F%2Fscholar.google.com%2Fscholar%3Fhl%3Den%26as_sdt%3D0%252C5%26q%3D%2BAI%2Btext-to-image%26btnG%3D,5
scholar.google.ch/,5
xs.dailyheadlines.cc/,5
scholar.google.com.eg/,5
https%3A%2F%2Fscholar.google.com%2Fscholar%3Fhl%3Den%26as_sdt%3D0%252C5%26q%3Dtiktok%2Bbeauty%2B%26btnG%3D,5
https%3A%2F%2Fscholar.google.com%2Fscholar%3Fhl%3Dzh-CN%26as_sdt%3D0%252C5%26as_ylo%3D2022%26q%3Dai%2Bart%2Bgenerator%26btnG%3D,5
translate.googleusercontent.com/translate_p,5
scholar.google.com.mx/,5
l.messenger.com/,4
www.google.ie/,4
www.google.se/,4
https%3A%2F%2Fscholar.google.com%2Fscholar%3Fhl%3Dzh-TW%26as_sdt%3D0%252C5%26q%3DAi%2Bcomedy%26btnG%3D,4
https%3A%2F%2Fscholar.google.com%2Fscholar%3Fhl%3Den%26as_sdt%3D0%252C50%26q%3DHow%2Bdo%2BAI%2Bart%2Bgenerators%2Bwork%26btnG%3D,4
scholar.google.com.co/,4
https%3A%2F%2Fscholar.google.com%2Fscholar%3Fhl%3Den%26as_sdt%3D0%252C5%26q%3Dchatgpt%2Bethics%26btnG%3D,4
https%3A%2F%2Fscholar.google.com%2Fscholar%3Fhl%3Den%26as_sdt%3D0%252C5%26q%3DBeauty%2Bstandards%2BTikTok%26btnG%3D,4
xs.zidianzhan.net/,4
scholar.google.com.my/,4
digital.kenyon.edu/2020.7.html,4
https%3A%2F%2Fscholar.google.co.kr%2Fscholar%3Flookup%3D0%26q%3DDaphne%2BLeprince-Ringuet%2C%2B%25E2%2580%259CGoogle%25E2%2580%2599s%2Blatest%2Bexperiment%2Bteaches%2BAI%2Bto%2Bdance%2Blike%2Ba%2Bhuman%2522%26hl%3Dko%26as_sdt%3D0%2C5,4
www.google.pl/,4
search.brave.com/,4
digital.kenyon.edu/dh_iphs_prog/65/,4
scholar.google.co.nz/,4
digital.kenyon.edu/2022.html,4
scholar.google.com.sg/,4
https%3A%2F%2Fscholar.google.co.uk%2Fscholar%3Fq%3Dtime%2Bseries%2Bforecasting%2Busing%2Bmachine%2Blearning%26hl%3Den%26as_sdt%3D0%26as_vis%3D1%26oi%3Dscholart,4
www.google.be/,4
https%3A%2F%2Fwww.google.com%2Furl%3Fq%3Dhttps%3A%2F%2Fdigital.kenyon.edu%2Fcgi%2Fviewcontent.cgi%253Farticle%253D1042%2526context%253Ddh_iphs_prog%26sa%3DU%26ved%3D2ahUKEwiMzNaVsv36AhVMCN4KHTX8D844FBAWegQIAhAB%26usg%3DAOvVaw3KuxrJNBoaQQ0eGj9vHl1f,4
gal-dem.com/,4
www.google.com.tr/,4
www.google.com.mx/,3
scholar.google.dk/,3
www.bestcolleges.com/,3
www.youtube.com/,3
x.sci-hub.org.cn/,3
baidu.com/,3
yandex.ru/clck/jsredir,3
https%3A%2F%2Fscholar.google.co.jp%2Fscholar%3Fstart%3D10%26q%3Dconona%2BNetflix%2B%26hl%3Dja%26as_sdt%3D0%2C5,3
www.google.fi/,3
https%3A%2F%2Fscholar.google.co.uk%2Fscholar%3Fq%3Dconcept%2Bof%2Bdoomism%2Bclimate%2Bchange%26hl%3Den%26as_sdt%3D0%26as_vis%3D1%26oi%3Dscholart,3
https%3A%2F%2Fscholar.google.com%2Fscholar%3Fhl%3Den%26as_sdt%3D0%252C39%26q%3Dclimate%2Bdoomism%2Band%2Bmedia%26btnG%3D,3
https%3A%2F%2Fscholar.google.com%2Fscholar%3Fhl%3Den%26as_sdt%3D0%252C39%26q%3Dclimate%2Bdoomism%2Band%2Bmedia%26oq%3Dclimate%2Bdoomism,3
www.google.com.vn/,3
https%3A%2F%2Fscholar.google.com%2Fscholar%3Fhl%3Den%26as_sdt%3D0%252C5%26as_ylo%3D2021%26q%3DNetflix%2Brevenue%26btnG%3D,3
https%3A%2F%2Fscholar.google.com%2Fscholar%3Fstart%3D70%26q%3Dgpt-2%26hl%3Den%26as_sdt%3D0%2C5,3
www.google.cl/,3
usc-word-edit.officeapps.live.com/,3
scholar.google.jp/,3
https%3A%2F%2Fscholar.google.com%2Fscholar%3Fhl%3Den%26as_sdt%3D0%252C5%26q%3Dwayne%2Bmcgregor%2Bchoreographic%2Binfluences%26oq%3Dwayne%2B,3
scholar.google.com.ar/,3
https%3A%2F%2Fscholar.google.com%2Fscholar%3Fhl%3Dsv%26as_sdt%3D0%252C5%26q%3Dtennis%2Bequal%2Bpay%26oq%3Dtennis%2Bequal%2B,3
mail.google.com/,3
https%3A%2F%2Fscholar.google.com%2Fscholar%3Fstart%3D20%26q%3Dtiktok%2Band%2Bself%2Besteem%26hl%3Den%26as_sdt%3D0%2C5,3
https%3A%2F%2Fscholar.google.com%2Fscholar%3Fstart%3D50%26q%3Dprompt%2Bengineering%2Bchatgpt%26hl%3Den%26as_sdt%3D0%2C5,3
https%3A%2F%2Fscholar.google.de%2Fscholar%3Fhl%3Dde%26as_sdt%3D0%252C5%26q%3Dtemperature%2Bgpt-2%26btnG%3D,3
https%3A%2F%2Fwww.google.com%2Fsearch%3Fq%3Dsocial%2Bmedia%2Banti%2Bimmigration%26rlz%3D1CDGOYI_enTR923TR923%26hl%3Den-US%26sxsrf%3DALiCzsYYwZKiLPmWx3Eov5DoR5b6qFejDw%253A1653739188618%26ei%3DtA6SYuWiJeONxc8P1rSQ2Aw%26oq%3Dsocial%2Bmedia%2Banti%2Bimmigr%26gs_lcp%3DChNtb2JpbGUtZ3dzLXdpei1zZXJwEAEYATIGCAAQHhAWMgUIIRCgATIFCCEQoAEyCAghEB4QFhAdMgoIIRAeEA8QFhAdMgoIIRAeEA8QFhAdOgYIswEQhQQ6BQgAEJECOg0ILhDHARDRAxDUAhBDOgUIABCABDoLCC4QgAQQxwEQ0QM6CwguEIAEEMcBEKMCOgcILhDUAhBDOgQIABBDOgoILhDHARCjAhBDOgUILhCRAjoNCC4QxwEQowIQ1AIQQzoICC4Q1AIQkQI6BwgAEIAEEApKBAhBGABQhQtY4Tdggz5oAnABeACAAZADiAHjJJIBCjAuMTcuMy4zLjGYAQCgAQGwAQHAAQE%26sclient%3Dmobile-gws-wiz-serp,3
https%3A%2F%2Fwww.google.com%2Furl%3Fq%3Dhttps%3A%2F%2Fdigital.kenyon.edu%2Fcgi%2Fviewcontent.cgi%253Farticle%253D1027%2526context%253Ddh_iphs_prog%26sa%3DU%26sqi%3D2%26ved%3D2ahUKEwich6au-sv-AhWikIkEHS3CB4IQFnoECCsQAQ%26usg%3DAOvVaw2DdGZ3f_YDt4LoiIE9LesC,3
digital.kenyon.edu/dh_iphs_ss/19/,3
sci-hub.tw/,3
https%3A%2F%2Fscholar.google.com%2Fscholar%3Fhl%3Den%26as_sdt%3D0%252C5%26q%3Dcryptocompare%26btnG%3D,2
www.citationmachine.net/,2
www.google.by/,2
www.google.co.id/,2
www.google.co.il/,2
www.google.co.za/,2
www.google.com.my/,2
www.google.com.ua/,2
www.google.dk/,2
www.google.gr/,2
www.google.no/,2
www.google.ro/,2
www.kenyon.edu/search/,2
a.glgoo.top/,2
https%3A%2F%2Fscholar.google.com%2Fscholar%3Fhl%3Den%26as_sdt%3D0%252C5%26q%3Dwhat%2Bis%2Btoxic%2Bbeauty%2Bstandard%2Bin%2BTikTok%26btnG%3D,2
xs.studiodahu.com/,2
xs2.studiodahu.com/,2
xueshu.studiodahu.com/,2
zz.glgoo.top/,2
xueshu.dailyheadlines.cc/,2
cac-word-edit.officeapps.live.com/,2
https%3A%2F%2Fscholar.google.com%2Fscholar%3Fstart%3D430%26q%3Dchatgpt%26hl%3Dar%26as_sdt%3D0%2C5,2
en.nju.findplus.cn/,2
https%3A%2F%2Fscholar.google.be%2Fscholar%3Fas_ylo%3D2018%26q%3DReinforcement%2Blearning%2Bfor%2Btrading%26hl%3Dnl%26as_sdt%3D0%2C5%26as_vis%3D1,2
https%3A%2F%2Fscholar.google.ca%2Fscholar%3Fstart%3D40%26q%3Dgpt-2%26hl%3Den%26as_sdt%3D0%2C5,2
https%3A%2F%2Fscholar.google.com%2Fscholar%3Fstart%3D50%26q%3Dabortion%2Bshould%2Bbe%2Billegal%26hl%3Den%26as_sdt%3D0%2C10,2
grovewatch.com/51278/uncategorized/let-the-earth-breathe/,2
https%3A%2F%2Fscholar.google.co.uk%2Fscholar%3Fq%3Dartificial%2Bintelligence%2Bart%2Bsontag%26hl%3Den%26as_sdt%3D0%26as_vis%3D1%26oi%3Dscholart,2
myactivity.google.com/,2
https%3A%2F%2Fscholar.google.com%2Fscholar%3Fas_ylo%3D2017%26q%3Dbeauty%2Bfilters%26hl%3Den%26as_sdt%3D0%2C16%26inst%3D17218728528046824768,2
https%3A%2F%2Fscholar.google.com%2Fscholar%3Fas_ylo%3D2019%26q%3D%2522slaughterhouse-five%2522%2B%2Bgraphic%2B%26hl%3Dzh-CN%26as_sdt%3D0%2C5,2
https%3A%2F%2Fscholar.google.com%2Fscholar%3Fas_ylo%3D2022%26q%3Dlarge%2Blanguage%2Bmodels%2Bplagiarism%26hl%3Den%26as_sdt%3D0%2C20%26as_vis%3D1,2
https%3A%2F%2Fscholar.google.com%2Fscholar%3Fhl%3Dde%26as_sdt%3D0%252C5%26q%3DAI%2BChoreograph%26btnG%3D,2
https%3A%2F%2Fscholar.google.com%2Fscholar%3Fhl%3Den%26as_sdt%3D0%252C14%26as_vis%3D1%26q%3Dstreaming%2Bentertainment%2Bstatistics%2B%26btnG%3D,2
https%3A%2F%2Fscholar.google.com%2Fscholar%3Fhl%3Den%26as_sdt%3D0%252C15%26q%3D%2522espn%2522%2B%2522viewership%2522%2Beffects%2Bsports%2Bbetting%26btnG%3D,2
https%3A%2F%2Fscholar.google.com%2Fscholar%3Fhl%3Den%26as_sdt%3D0%252C15%26q%3DTikTok%2Bbeauty%2Bstandards%26oq%3DTikTok%2Bbeauty%2Bst,2
https%3A%2F%2Fscholar.google.com%2Fscholar%3Fhl%3Den%26as_sdt%3D0%252C23%26q%3Dcomedic%2Bartificial%2Bintelligence%26btnG%3D,2
https%3A%2F%2Fscholar.google.com%2Fscholar%3Fhl%3Den%26as_sdt%3D0%252C23%26q%3Dhayao%2Bmiyazaki%2Binsult%2Bto%2Blife%2Bitself%26btnG%3D,2
https%3A%2F%2Fscholar.google.com%2Fscholar%3Fhl%3Den%26as_sdt%3D0%252C23%26q%3Dprompt%2Bengineering%26btnG%3D,2
https%3A%2F%2Fscholar.google.com%2Fscholar%3Fhl%3Den%26as_sdt%3D0%252C24%26q%3DArtstation%2BAI%2Bart%26btnG%3D,2
https%3A%2F%2Fscholar.google.com%2Fscholar%3Fhl%3Den%26as_sdt%3D0%252C31%26q%3DDALL-E%2BOPEN%2BAI%26btnG%3D,2
https%3A%2F%2Fscholar.google.com%2Fscholar%3Fhl%3Den%26as_sdt%3D0%252C34%26q%3Dideology%2BDobbs%2Bvs%2BJackson%26btnG%3D,2
patents.google.com/,2
presearch.com/,2
https%3A%2F%2Fscholar.google.com%2Fscholar%3Fhl%3Den%26as_sdt%3D0%252C44%26q%3DTaylor%2BSwift%2Bbetter%2Bthan%2Brevenge%26btnG%3D,2
scholar-google-com.ezprimo1.runi.ac.il/,2
scholar.google.ae/,2
scholar.google.bg/,2
scholar.google.com.au/scholar,2
scholar.google.com/scholar,2
https%3A%2F%2Fscholar.google.com%2Fscholar%3Fhl%3Den%26as_sdt%3D0%252C5%26q%3DCryptoCompare%2B%26btnG%3D,2
https%3A%2F%2Fscholar.google.com%2Fscholar%3Fhl%3Den%26as_sdt%3D0%252C5%26q%3DWayne%2Bmcgregors%2Bchoreography%2Bstyle%2B%26btnG%3D,2
https%3A%2F%2Fscholar.google.com%2Fscholar%3Fhl%3Den%26as_sdt%3D0%252C5%26q%3Dbenefits%2Bof%2Bai%2Bart%2Bgenerators%2B%26btnG%3D,2
scholar.google.cz/,2
https%3A%2F%2Fscholar.google.com%2Fscholar%3Fhl%3Den%26as_sdt%3D0%252C5%26q%3Ddoes%2Bbetting%2Baffect%2Bviewership%26btnG%3D,2
https%3A%2F%2Fscholar.google.com%2Fscholar%3Fhl%3Den%26as_sdt%3D0%252C5%26q%3Dequal%2Bprize%2Bmoney%2Btennis%26btnG%3D%26oq%3Dequal%2Bprize%2Bmoney%2B,2
https%3A%2F%2Fscholar.google.com%2Fscholar%3Fhl%3Den%26as_sdt%3D0%252C5%26q%3Dhow%2Bai%2Bprojects%2Bcan%2Bbe%2Bhelpful%2Bin%2Bdance%26btnG%3D,2
https%3A%2F%2Fscholar.google.com%2Fscholar%3Fhl%3Den%26as_sdt%3D0%252C5%26q%3Dlensa%2Bai%26btnG%3D,2
https%3A%2F%2Fscholar.google.com%2Fscholar%3Fhl%3Den%26as_sdt%3D0%252C5%26q%3Dmlb%2Band%2Bscouting%26btnG%3D,2
https%3A%2F%2Fscholar.google.com%2Fscholar%3Fhl%3Den%26as_sdt%3D0%252C5%26q%3Dprompt%2Bengineering%2BGPT3%26btnG%3D%26oq%3Dprompt%2Beng,2
https%3A%2F%2Fscholar.google.com%2Fscholar%3Fhl%3Den%26as_sdt%3D0%252C5%26q%3Dprompt%2Bengineering%2BGPT3%26oq%3Dprompt%2B,2
https%3A%2F%2Fscholar.google.com%2Fscholar%3Fhl%3Den%26as_sdt%3D0%252C5%26q%3Dsentiment%2Banalysis%2Bnarratives%2Bbooks%26btnG%3D,2
https%3A%2F%2Fscholar.google.com%2Fscholar%3Fhl%3Den%26as_sdt%3D0%252C5%26q%3Dstatistics%2Bfor%2Bstreaming%2Bservices%2Bnetflix%26btnG%3D,2
https%3A%2F%2Fscholar.google.com%2Fscholar%3Fhl%3Den%26as_sdt%3D0%252C5%26q%3Dstreaming%2Btrends%2Bnetflix%26btnG%3D,2
https%3A%2F%2Fscholar.google.com%2Fscholar%3Fhl%3Den%26as_sdt%3D0%252C5%26q%3Dtiktok%2Band%2Bbeauty%2Bstandards%26btnG%3D,2
https%3A%2F%2Fscholar.google.com%2Fscholar%3Fhl%3Den%26as_sdt%3D0%252C5%26q%3Dtiktok%2Bbeauty%2Balgorithm%26btnG%3D%26oq%3Dtiktok,2
https%3A%2F%2Fscholar.google.com%2Fscholar%3Fhl%3Den%26as_sdt%3D0%252C5%26q%3Dtiktok%2Bbeauty%2Balgorithm%26oq%3DTikTok,2
https%3A%2F%2Fscholar.google.com%2Fscholar%3Fhl%3Den%26as_sdt%3D0%252C5%26q%3Dtoxic%2Bbeauty%2Bstandards%26oq%3Dtoxic%2Bbeauty%2B,2
core.ac.uk/,2
scholar.google.hr/,2
https%3A%2F%2Fscholar.google.com%2Fscholar%3Fhl%3Den%26as_sdt%3D0%2C10%26q%3Dallintitle%3A%2B%2522United%2BNations%2522%2BOR%2B%2522United%2BNations%2BSecurity%2BCouncil%2522%2BOR%2B%2522UN%2BSecurity%2BCouncil%2522%26scisbd%3D1,2
https%3A%2F%2Fscholar.google.com%2Fscholar%3Fhl%3Den%26as_sdt%3D0%2C5%26q%3Djuan%2Bguaido%2Bsupport,2
https%3A%2F%2Fscholar.google.com%2Fscholar%3Fhl%3Dnl%26as_sdt%3D0%252C5%26q%3Dchatgpt%2Binconsistent%26btnG%3D,2
https%3A%2F%2Fscholar.google.com%2Fscholar%3Fhl%3Dru%26as_sdt%3D0%252C5%26q%3Dhow%2Bscreenwriting%2Bchanged%2Bwith%2Bai%26btnG%3D,2
scholar.ilibs.cn/,2
https%3A%2F%2Fscholar.google.com%2Fscholar%3Fhl%3Dzh-CN%26as_sdt%3D0%252C29%26q%3Dartificial%2Bintelligence%2Bin%2Btheater%2B%26btnG%3D,2
https%3A%2F%2Fscholar.google.com%2Fscholar%3Fhl%3Dzh-CN%26as_sdt%3D0%252C5%26q%3DAI%2BArtist%2Bunemployment%26btnG%3D,2
https%3A%2F%2Fscholar.google.com%2Fscholar%3Fhl%3Dzh-CN%26as_sdt%3D0%2C5%26as_ylo%3D2019%26q%3D%2522abortion%2Bshould%2Bbe%2Blegal%2522,2
scholar1.80599.net/,2
https%3A%2F%2Fscholar.google.com%2Fscholar%3Fhl%3Dzh-TW%26as_sdt%3D0%2C5%26q%3Dai%2Bart%2Bgenerators,2
https%3A%2F%2Fscholar.google.com%2Fscholar%3Fstart%3D10%26q%3Dai%2Bart%2Bvs%2Bdigital%2Bart%26hl%3Den%26as_sdt%3D0%2C5,2
https%3A%2F%2Fscholar.google.com%2Fscholar%3Fstart%3D10%26q%3Dstylometry%2Bcourt%26hl%3Den%26as_sdt%3D0%2C43,2
https%3A%2F%2Fscholar.google.com%2Fscholar%3Fstart%3D10%26q%3Dtext-to-image%2Bai%2Bvisual%2Bstudies%26hl%3Dit%26as_sdt%3D0%2C5,2
https%3A%2F%2Fscholar.google.com%2Fscholar%3Fstart%3D20%26q%3DAI%2Bimage%2Bgenerator%2Bconsider%2Bart%26hl%3Den%26as_sdt%3D0%2C5,2
sci-hub-links.com/,2
https%3A%2F%2Fscholar.google.com%2Fscholar%3Fstart%3D200%26q%3DAutomatic%2Bcoding%2Bwith%2Bgpt%2B3%26hl%3Den%26as_sdt%3D0%2C5%26authuser%3D3,2
sci-hub.es.ht/,2
https%3A%2F%2Fscholar.google.de%2Fscholar%3Fhl%3Dde%26as_sdt%3D0%252C5%26as_ylo%3D2022%26as_vis%3D1%26q%3DDALLE%2B2%2Band%2Bimage%2Bcreation%26btnG%3D,2
https%3A%2F%2Fscholar.google.de%2Fscholar%3Fhl%3Dde%26as_sdt%3D0%252C5%26q%3DAI%2Bart%2Bgenerator%2B%26oq%3DAI%2BArt%2B,2
silence.qa1.bdev.us/,2
https%3A%2F%2Fscholar.google.es%2Fscholar%3Fhl%3Des%26as_sdt%3D0%252C5%26q%3DAI%2Bimage%2Bgenerators%26btnG%3D,2
https%3A%2F%2Fscholar.google.it%2Fscholar%3Fhl%3Den%26as_sdt%3D0%252C5%26q%3Dnovelty%2Bdall-e%26btnG%3D,2
https%3A%2F%2Fscholar.google.it%2Fscholar%3Fq%3Dsentiment%2Banalysis%2Bjane%2Bausten%26hl%3Dit%26as_sdt%3D0%26as_vis%3D1%26oi%3Dscholart,2
https%3A%2F%2Fwww.google.com%2Fsearch%3Fclient%3Dms-opera-mini-android%26channel%3Dnew%26q%3Dgpt-3%2Bdialectics%2Bmarx%26oq%3Dgpt-3%2Bdialectics%2Bmarx%26aqs%3Dheirloom-srp..,2
https%3A%2F%2Fwww.google.com%2Fsearch%3Fq%3DUS%2BNGAD%2Bext%3Apdf%26sxsrf%3DAJOqlzWjZWAP1qUw0yDAsJq_HNIxWqW16w%3A1674798779298%26ei%3Du2bTY6zrEbLA0PEPyLuFsA4%26start%3D110%26sa%3DN%26ved%3D2ahUKEwjstL3Sh-f8AhUyIDQIHchdAeY4ZBDw0wN6BAgfEBc,2
statics.teams.cdn.office.net/,2
https%3A%2F%2Fwww.google.com%2Furl%3Fq%3Dhttps%3A%2F%2Fdigital.kenyon.edu%2Fcgi%2Fviewcontent.cgi%253Farticle%253D1027%2526context%253Ddh_iphs_prog%26sa%3DU%26sqi%3D2%26ved%3D2ahUKEwi016TrlJD-AhWwkYkEHTZUBU4QFnoECAIQAQ%26usg%3DAOvVaw25bJjjYmHoqw2xfM-tlrW-,2
https%3A%2F%2Fscholar.google.com%2Fscholar%3Fhl%3Dde%26as_sdt%3D0%252C5%26q%3DGPT-2%2Bpoems%26btnG%3D,2
https%3A%2F%2Fscholar.google.com%2Fscholar%3Fhl%3Den%26as_sdt%3D0%252C5%26q%3Dai%2Bart%2Bgenerators%26btnG%3D,2
scholar-google-com.libproxy.usouthal.edu/,2
works.bepress.com/kate_elkins/1/,2
sg.search.yahoo.com/,2
statics.gov.teams.microsoft.us/,2
think-un.blogspot.com/2019/02/an-analysis-of-transitional-justice.html,2
www.google.com/search,2
www.mybib.com/,2
ask.com/,2
https%3A%2F%2Fscholar.google.com%2Fscholar%3Fas_ylo%3D2022%26q%3Dapps%2Band%2Bbrokerage%26hl%3Des%26as_sdt%3D0%2C5,1
https%3A%2F%2Fscholar.google.com%2Fscholar%3Fas_ylo%3D2022%26q%3Dgtp3%26hl%3Den%26as_sdt%3D0%2C5,1
core.ac.uk/display/235564717,1
https%3A%2F%2Fscholar.google.com%2Fscholar%3Fas_ylo%3D2022%26q%3Dpump%2Band%2Bdump%26hl%3Den%26as_sdt%3D0%2C5,1
https%3A%2F%2Fscholar.google.com%2Fscholar%3Fas_ylo%3D2022%26q%3Dunderstanding%2Bchatgpt%26hl%3Den%26as_sdt%3D0%2C5,1
https%3A%2F%2Fscholar.google.com%2Fscholar%3Fhl%3Dar%26as_sdt%3D0%252C5%26q%3Ddangerous%2BchatGPT%26btnG%3D,1
https%3A%2F%2Fscholar.google.com%2Fscholar%3Fhl%3Dar%26as_sdt%3D0%252C5%26q%3Dsnscrape%26btnG%3D,1
https%3A%2F%2Fscholar.google.com%2Fscholar%3Fhl%3Dcs%26as_sdt%3D0%252C5%26q%3Ddall-e%2Bart%2BAI%26btnG%3D,1
https%3A%2F%2Fscholar.google.com%2Fscholar%3Fhl%3Dcs%26as_sdt%3D0%252C5%26q%3Dethics%2Bof%2BAI%2Bgenerated%2Bart%26btnG%3D,1
https%3A%2F%2Fscholar.google.com%2Fscholar%3Fhl%3Dda%26as_sdt%3D0%252C5%26q%3Dvader%2Bsentiment%2Banalysis%2B%2522book%2Breview%2522%26btnG%3D,1
https%3A%2F%2Fscholar.google.com%2Fscholar%3Fhl%3Dde%26as_sdt%3D0%252C5%26q%3D%25E2%2580%259EDall%2Be%2B2%2B%25E2%2580%259E%26btnG%3D,1
47.96.0.147:90/,1
https%3A%2F%2Fscholar.google.com%2Fscholar%3Fhl%3Dde%26as_sdt%3D0%252C5%26q%3DChatGPT3%26btnG%3D,1
https%3A%2F%2Fscholar.google.com%2Fscholar%3Fhl%3Dde%26as_sdt%3D0%252C5%26q%3DSpotify%2BAudio%2Bfeatures%26btnG%3D,1
https%3A%2F%2Fscholar.google.com%2Fscholar%3Fhl%3Dde%26as_sdt%3D0%252C5%26q%3DTikTok%2Balgorithm%2Binfrastructure%2BDiscrimination%2B%26btnG%3D,1
https%3A%2F%2Fscholar.google.com%2Fscholar%3Fhl%3Dde%26as_sdt%3D0%252C5%26q%3Dai%2Bcomedy%26btnG%3D,1
https%3A%2F%2Fscholar.google.com%2Fscholar%3Fhl%3Dde%26as_sdt%3D0%252C5%26q%3Dai%2Bgenerated%2Bmusic%2Btaylor%2Bswift%26btnG%3D,1
https%3A%2F%2Fscholar.google.com%2Fscholar%3Fhl%3Dde%26as_sdt%3D0%252C5%26q%3Ddall-e%2Bimage%2Bgenerator%26btnG%3D,1
https%3A%2F%2Fscholar.google.com%2Fscholar%3Fhl%3Dde%26as_sdt%3D0%252C5%26q%3Dmuseum%2Bdigitization%2Bholocaust%26btnG%3D,1
https%3A%2F%2Fscholar.google.com%2Fscholar%3Fhl%3Dde%26as_sdt%3D0%252C5%26q%3Dprompt%2Bengineering%26btnG%3D,1
https%3A%2F%2Fscholar.google.com%2Fscholar%3Fhl%3Dde%26as_sdt%3D0%2C5%26q%3Dprompt%2Bengineering,1
https%3A%2F%2Fscholar.google.com%2Fscholar%3Fhl%3Den%26as_sdt%3D0%252C1%26q%3Dhow%2Bare%2Bchatbots%2Bdangerous%26btnG%3D,1
https%3A%2F%2Fscholar.google.com%2Fscholar%3Fhl%3Den%26as_sdt%3D0%252C10%26q%3DAI%2B%2522art%2Bgenerator%2522%26btnG%3D,1
https%3A%2F%2Fscholar.google.com%2Fscholar%3Fhl%3Den%26as_sdt%3D0%252C10%26q%3DD.C%2527s%2Bgun%2Blaws%26btnG%3D,1
https%3A%2F%2Fscholar.google.com%2Fscholar%3Fhl%3Den%26as_sdt%3D0%252C10%26q%3Dsam%2Bbankman%2Bfried%26btnG%3D,1
https%3A%2F%2Fscholar.google.com%2Fscholar%3Fhl%3Den%26as_sdt%3D0%252C11%26q%3DDALLE-2%2BCLIP%26btnG%3D,1
https%3A%2F%2Fscholar.google.com%2Fscholar%3Fhl%3Den%26as_sdt%3D0%252C11%26q%3Dunstuck%2Bin%2Btime%26oq%3Dunstuck%2B,1
https%3A%2F%2Fscholar.google.com%2Fscholar%3Fhl%3Den%26as_sdt%3D0%252C13%26as_ylo%3D2019%26q%3Dis%2Bart%2Bstolen%2Bfor%2Bprofit%26btnG%3D,1
digital-kenyon-edu.translate.goog/,1
https%3A%2F%2Fscholar.google.com%2Fscholar%3Fhl%3Den%26as_sdt%3D0%252C14%26q%3Dbankman%2Bfried%2Bscholarly%2Barticles%26oq%3Dbankman,1
https%3A%2F%2Fscholar.google.com%2Fscholar%3Fhl%3Den%26as_sdt%3D0%252C15%26as_ylo%3D2018%26q%3Ddaria%2Bmtv%26btnG%3D,1
digitalcommons.pepperdine.edu/,1
https%3A%2F%2Fscholar.google.com%2Fscholar%3Fhl%3Den%26as_sdt%3D0%252C15%26q%3DAI%2Bart%2Bgenerators%2B%26btnG%3D,1
ebookpdf.com/,1
https%3A%2F%2Fscholar.google.com%2Fscholar%3Fhl%3Den%26as_sdt%3D0%252C15%26q%3Dpublic%2Bopinion%2Bof%2Bdobbs%2Bv%2Bwomen%2527s%2Bhealth%26btnG%3D,1
https%3A%2F%2Fscholar.google.com%2Fscholar%3Fhl%3Den%26as_sdt%3D0%252C16%26as_ylo%3D2018%26q%3Dabortion%2Bopinion%2Bdemographics%26btnG%3D,1
https%3A%2F%2Fscholar.google.com%2Fscholar%3Fhl%3Den%26as_sdt%3D0%252C16%26q%3Ddobbs%2BSupreme%2BCourt%2Bdecision%2Band%2Bpublic%2Bopinion%26btnG%3D,1
https%3A%2F%2Fscholar.google.com%2Fscholar%3Fhl%3Den%26as_sdt%3D0%252C16%26q%3Ddraft%2Bkings%2Bprofit%26btnG%3D,1
https%3A%2F%2Fscholar.google.com%2Fscholar%3Fhl%3Den%26as_sdt%3D0%252C20%26q%3Dtime%2Bseries%2Bforecasting%2Busing%2Bmachine%2Blearning%26btnG%3D,1
https%3A%2F%2Fscholar.google.com%2Fscholar%3Fhl%3Den%26as_sdt%3D0%252C21%26q%3DAI%2Bcomedy%26btnG%3D,1
https%3A%2F%2Fscholar.google.com%2Fscholar%3Fhl%3Den%26as_sdt%3D0%252C22%26q%3Dai%2Bchoreography%2Bproductivity%26btnG%3D,1
https%3A%2F%2Fscholar.google.com%2Fscholar%3Fhl%3Den%26as_sdt%3D0%252C22%26q%3Demma%2Bchamberlain%2Byoutube%26oq%3Demma%2Bchamberlain,1
https%3A%2F%2Fscholar.google.com%2Fscholar%3Fhl%3Den%26as_sdt%3D0%252C22%26q%3Dimage%2Bgenerateor%2Bai%26btnG%3D,1
https%3A%2F%2Fscholar.google.com%2Fscholar%3Fhl%3Den%26as_sdt%3D0%252C22%26q%3Djuan%2Bguaido%26btnG%3D%26oq%3DJuan%2Bgua,1
https%3A%2F%2Fscholar.google.com%2Fscholar%3Fhl%3Den%26as_sdt%3D0%252C22%26q%3Dvonnegut%2Bshapes%2Bof%2Bstories%26btnG%3D%26oq%3Dvonnegut%2Bshapes%2Bof,1
https%3A%2F%2Fscholar.google.com%2Fscholar%3Fhl%3Den%26as_sdt%3D0%252C23%26as_vis%3D1%26q%3Dmeme%2Bcoins%26btnG%3D,1
https%3A%2F%2Fscholar.google.com%2Fscholar%3Fhl%3Den%26as_sdt%3D0%252C23%26as_vis%3D1%26q%3Dprompt%2Bengineering%26oq%3Dprompt%2Bengin,1
https%3A%2F%2Fscholar.google.com%2Fscholar%3Fhl%3Den%26as_sdt%3D0%252C23%26as_ylo%3D2021%26inst%3D18300112617855595941%26q%3Drocky%2Bhorror%2Bpicture%2Bshow%2Band%2Bqueerness%26btnG%3D,1
https%3A%2F%2Fscholar.google.com%2Fscholar%3Fhl%3Den%26as_sdt%3D0%252C23%26as_ylo%3D2022%26q%3DchatGPT-3%26btnG%3D,1
academic.microsoft.com/,1
https%3A%2F%2Fscholar.google.com%2Fscholar%3Fhl%3Den%26as_sdt%3D0%252C23%26q%3Dgpt-2%2Bwrite%2Bpoem%26btnG%3D,1
en.yaodeyo.com:92/,1
https%3A%2F%2Fscholar.google.com%2Fscholar%3Fhl%3Den%26as_sdt%3D0%252C23%26q%3Dlockdown%2Bprotests%26btnG%3D,1
engine.presearch.org/,1
https%3A%2F%2Fscholar.google.com%2Fscholar%3Fhl%3Den%26as_sdt%3D0%252C24%26q%3DAi%2Bart%2Bgenerators%26btnG%3D%26safe%3Dactive%26surl%3D1,1
epdfs.hu/,1
https%3A%2F%2Fscholar.google.com%2Fscholar%3Fhl%3Den%26as_sdt%3D0%252C3%26as_vis%3D1%26q%3Dprompt%2Bengineering%2Brecommender%2Bsystem%2Bnlp%26btnG%3D,1
https%3A%2F%2Fscholar.google.com%2Fscholar%3Fhl%3Den%26as_sdt%3D0%252C31%26as_ylo%3D2019%26q%3D%2522Nancy%2Bdrew%2522%2Bdetective%26btnG%3D,1
https%3A%2F%2Fscholar.google.com%2Fscholar%3Fhl%3Den%26as_sdt%3D0%252C31%26as_ylo%3D2020%26q%3DAI%2Bgenerated%2Btext%26oq%3D,1
https%3A%2F%2Fscholar.google.com%2Fscholar%3Fhl%3Den%26as_sdt%3D0%252C31%26as_ylo%3D2020%26q%3Dgpt-2%26btnG%3D,1
f.glgoo.top/,1
https%3A%2F%2Fscholar.google.com%2Fscholar%3Fhl%3Den%26as_sdt%3D0%252C31%26q%3DMLB%2Bscouting%2B%26btnG%3D,1
https%3A%2F%2Fscholar.google.com%2Fscholar%3Fhl%3Den%26as_sdt%3D0%252C31%26q%3Dsam%2Bbankman%2Bfried%26btnG%3D,1
https%3A%2F%2Fscholar.google.com%2Fscholar%3Fhl%3Den%26as_sdt%3D0%252C31%26q%3Dtiktok%2Bnose%2Bjob%26btnG%3D,1
https%3A%2F%2Fscholar.google.com%2Fscholar%3Fhl%3Den%26as_sdt%3D0%252C33%26as_vis%3D1%26q%3Dgpt%2Bpoetry%2Bgeneration%2B%26btnG%3D,1
https%3A%2F%2Fscholar.google.com%2Fscholar%3Fhl%3Den%26as_sdt%3D0%252C33%26as_ylo%3D2021%26q%3Dnetflix%2Bcovid%2B19%26oq%3DNetflix%2Bcovid,1
https%3A%2F%2Fscholar.google.com%2Fscholar%3Fhl%3Den%26as_sdt%3D0%252C33%26authuser%3D1%26q%3Djane%2Broe%2B%2Babortion%2Bhearing%26btnG%3D,1
https%3A%2F%2Fscholar.google.com%2Fscholar%3Fhl%3Den%26as_sdt%3D0%252C33%26q%3D%25E2%2580%259CBilly%2BPilgrim%25E2%2580%259D%2BAND%2BPTSD%26btnG%3D,1
https%3A%2F%2Fscholar.google.com%2Fscholar%3Fhl%3Den%26as_sdt%3D0%252C33%26q%3D%25E2%2580%259CEthics%25E2%2580%259D%2Band%2B%25E2%2580%259CAI-generated%2Bart%25E2%2580%259D%26btnG%3D,1
https%3A%2F%2Fscholar.google.com%2Fscholar%3Fhl%3Den%26as_sdt%3D0%252C33%26q%3DAdam%2BBlum%2Bchatgpt%26btnG%3D,1
https%3A%2F%2Fscholar.google.com%2Fscholar%3Fhl%3Den%26as_sdt%3D0%252C33%26q%3DAdam%2BBlum%2Bchatgpt%26oq%3DAdam%2Bblum%2B,1
https%3A%2F%2Fscholar.google.com%2Fscholar%3Fhl%3Den%26as_sdt%3D0%252C33%26q%3Dchildren%2Bin%2Bcages%2Bimmigration%26btnG%3D,1
https%3A%2F%2Fscholar.google.com%2Fscholar%3Fhl%3Den%26as_sdt%3D0%252C33%26q%3Demma%2Bchamberlain%2Byoutube%26oq%3Demma%2Bchamberlain,1
https%3A%2F%2Fscholar.google.com%2Fscholar%3Fhl%3Den%26as_sdt%3D0%252C33%26q%3Dimprov%2Band%2Bspeech%2Btherapy%26btnG%3D,1
https%3A%2F%2Fscholar.google.com%2Fscholar%3Fhl%3Den%26as_sdt%3D0%252C33%26q%3Dwhat%2Bis%2Bthe%2Bstory%2Bstructure%2Bof%2BPercy%2BJackson%26btnG%3D,1
https%3A%2F%2Fscholar.google.com%2Fscholar%3Fhl%3Den%26as_sdt%3D0%252C34%26q%3DAI%2Bimage%2Bgenerators%26btnG%3D,1
https%3A%2F%2Fscholar.google.com%2Fscholar%3Fhl%3Den%26as_sdt%3D0%252C34%26q%3Ddall-e%2Bai%26btnG%3D,1
fakedoor.store/,1
https%3A%2F%2Fscholar.google.com%2Fscholar%3Fhl%3Den%26as_sdt%3D0%252C36%26q%3Dcael%2Belmore%26btnG%3D,1
https%3A%2F%2Fscholar.google.com%2Fscholar%3Fhl%3Den%26as_sdt%3D0%252C37%26authuser%3D1%26q%3Dkids%2Bin%2Bcages%2Bimmigration%2Bmedia%26btnG%3D,1
https%3A%2F%2Fscholar.google.com%2Fscholar%3Fhl%3Den%26as_sdt%3D0%252C38%26q%3Dclimate%2Bdoomism%26btnG%3D,1
https%3A%2F%2Fscholar.google.com%2Fscholar%3Fhl%3Den%26as_sdt%3D0%252C38%26q%3Dgpt-2%2Bpoetry%2Bgeneration%26btnG%3D,1
https%3A%2F%2Fscholar.google.com%2Fscholar%3Fhl%3Den%26as_sdt%3D0%252C38%26q%3Dkari%2Blake%2B2022%2Bmidterms%26btnG%3D,1
https%3A%2F%2Fscholar.google.com%2Fscholar%3Fhl%3Den%26as_sdt%3D0%252C38%26q%3Dkari%2Blake%2Bloss%26btnG%3D,1
https%3A%2F%2Fscholar.google.com%2Fscholar%3Fhl%3Den%26as_sdt%3D0%252C39%26inst%3D15460120341296470254%26q%3Dai%2Bumpires%2Bin%2Bmlb%26btnG%3D,1
https%3A%2F%2Fscholar.google.com%2Fscholar%3Fhl%3Den%26as_sdt%3D0%252C39%26q%3DAi%2Bgenerators%26btnG%3D,1
https%3A%2F%2Fscholar.google.com%2Fscholar%3Fhl%3Den%26as_sdt%3D0%252C39%26q%3Dchatgpt%2BI%2Btitle%26btnG%3D,1
gatech.bluejeans.com/,1
gg1.chn.moe/,1
https%3A%2F%2Fscholar.google.com%2Fscholar%3Fhl%3Den%26as_sdt%3D0%252C39%26q%3Demma%2Bchamberlain%2Brise%2Bto%2Bfame%2Byoutube%26btnG%3D,1
https%3A%2F%2Fscholar.google.com%2Fscholar%3Fhl%3Den%26as_sdt%3D0%252C40%26as_ylo%3D2018%26q%3Dhulu%2Bnetflix%26btnG%3D%26oq%3DHulu%2B,1
https%3A%2F%2Fscholar.google.com%2Fscholar%3Fhl%3Den%26as_sdt%3D0%252C41%26q%3Dabortion%252C%2Btopic%2Bmodeling%26btnG%3D,1
https%3A%2F%2Fscholar.google.com%2Fscholar%3Fhl%3Den%26as_sdt%3D0%252C43%26as_ylo%3D2018%26as_vis%3D1%26q%3Dlegalization%2Bof%2Babortion%2Bin%2Busa%26btnG%3D,1
https%3A%2F%2Fscholar.google.com%2Fscholar%3Fhl%3Den%26as_sdt%3D0%252C43%26q%3Dai%2Bart%2Bgenerator%25E2%2580%2599s%2B%26btnG%3D,1
https%3A%2F%2Fscholar.google.com%2Fscholar%3Fhl%3Den%26as_sdt%3D0%252C43%26q%3Dunion%2Bmembership%2Band%2Bhealthcare%2B%26btnG%3D,1
https%3A%2F%2Fscholar.google.com%2Fscholar%3Fhl%3Den%26as_sdt%3D0%252C44%26q%3DAI%2BArt%2Bgenerators%26btnG%3D,1
https%3A%2F%2Fscholar.google.com%2Fscholar%3Fhl%3Den%26as_sdt%3D0%252C44%26q%3DCalvin%2BRidley%2Bsports%2Bbetting%26oq%3DCalvin%2BRidley%2Bsports%2Bbe,1
google.com,1
https%3A%2F%2Fscholar.google.com%2Fscholar%3Fhl%3Den%26as_sdt%3D0%252C44%26q%3Dpercy%2BJackson%2B%2Bjourney%26btnG%3D,1
googleweblight.com/,1
https%3A%2F%2Fscholar.google.com%2Fscholar%3Fhl%3Den%26as_sdt%3D0%252C47%26q%3Dbreaking%2Bchatgpt%26btnG%3D,1
https%3A%2F%2Fscholar.google.com%2Fscholar%3Fhl%3Den%26as_sdt%3D0%252C47%26q%3Dreligious%2Baffiliation%2Band%2BDobbs%2Bdecision%26btnG%3D,1
https%3A%2F%2Fscholar.google.com%2Fscholar%3Fhl%3Den%26as_sdt%3D0%252C48%26q%3DBankman%2Bfried%26btnG%3D,1
https%3A%2F%2Fscholar.google.com%2Fscholar%3Fhl%3Den%26as_sdt%3D0%252C48%26q%3DTikTok%2Band%2Bbeauty%26btnG%3D,1
https%3A%2F%2Fscholar.google.com%2Fscholar%3Fhl%3Den%26as_sdt%3D0%252C5%26as_vis%3D1%26q%3Dprompt%2Bengineering%2Bgpt-3%26btnG%3D,1
https%3A%2F%2Fscholar.google.com%2Fscholar%3Fhl%3Den%26as_sdt%3D0%252C5%26as_ylo%3D2017%26q%3Dtennis%2Bgender%2Bprize%2Bmoney%2B%26btnG%3D,1
https%3A%2F%2Fscholar.google.com%2Fscholar%3Fhl%3Den%26as_sdt%3D0%252C5%26as_ylo%3D2017%26q%3Dwhy%2Babortion%2Bshould%2Bbe%2Blegal%26btnG%3D,1
https%3A%2F%2Fscholar.google.com%2Fscholar%3Fhl%3Den%26as_sdt%3D0%252C5%26as_ylo%3D2018%26q%3Dcancel%2Bculture%26btnG%3D,1
https%3A%2F%2Fscholar.google.com%2Fscholar%3Fhl%3Den%26as_sdt%3D0%252C5%26as_ylo%3D2019%26q%3Dgpt-2%2Blyrics%26btnG%3D,1
https%3A%2F%2Fscholar.google.com%2Fscholar%3Fhl%3Den%26as_sdt%3D0%252C5%26as_ylo%3D2020%26q%3Dpoetry%2Bgeneration%2Bgpt-2%26btnG%3D,1
https%3A%2F%2Fscholar.google.com%2Fscholar%3Fhl%3Den%26as_sdt%3D0%252C5%26as_ylo%3D2020%26q%3Dunemployment%2Bcovid-19%2Bunited%2Bstates%26btnG%3D,1
googpt.ai/,1
https%3A%2F%2Fscholar.google.com%2Fscholar%3Fhl%3Den%26as_sdt%3D0%252C5%26as_ylo%3D2021%26q%3Dwhy%2Babortion%2Bshould%2Bbe%2Billegal%26btnG%3D%26oq%3Dwhy%2Babortion%2B,1
https%3A%2F%2Fscholar.google.com%2Fscholar%3Fhl%3Den%26as_sdt%3D0%252C5%26as_ylo%3D2022%26q%3Dgpt%2Bfilm%2Bscripts%26btnG%3D,1
https%3A%2F%2Fscholar.google.com%2Fscholar%3Fhl%3Den%26as_sdt%3D0%252C5%26authuser%3D1%26q%3Dclimate%2Bdoomism%26btnG%3D,1
https%3A%2F%2Fscholar.google.com%2Fscholar%3Fhl%3Den%26as_sdt%3D0%252C5%26inst%3D11547987318464037549%26q%3Dopenai%2Bchat%26btnG%3D,1
https%3A%2F%2Fscholar.google.com%2Fscholar%3Fhl%3Den%26as_sdt%3D0%252C5%26q%3D%2522Climate%2Bdoomism%2522%2B%26btnG%3D,1
https%3A%2F%2Fscholar.google.com%2Fscholar%3Fhl%3Den%26as_sdt%3D0%252C5%26q%3D%2522dall-e%2B2%2522%2Band%2B%2522architecture%2522%26btnG%3D,1
hoilhpn.org.vn/NewsDetail.asp,1
https%3A%2F%2Fscholar.google.com%2Fscholar%3Fhl%3Den%26as_sdt%3D0%252C5%26q%3DAI%2BArt%2BGenerators%26btnG%3D,1
https%3A%2F%2Fscholar.google.com%2Fscholar%3Fhl%3Den%26as_sdt%3D0%252C5%26q%3DAI%2BPoetry%2Bwriting%26btnG%3D,1
http%3A%2F%2Fcn.bing.com%2Fsearch%3Fq%3Dfiletype%253apdf%2Bquant%2Btrading%2Bwith%2Bpython%26go%3D%25e6%258f%2590%25e4%25ba%25a4%26qs%3Dds%26first%3D109%26FORM%3DPORE,1
http%3A%2F%2Fcn.bing.com%2Fsearch%3Fq%3Dimprove%2Bstrategy%2Bsector%2Bpnl%26qs%3Dn%26form%3DQBRE%26sp%3D-1%26ghc%3D1%26pq%3Dimprove%2Bstrategy%2Bsector%2Bpnl%26sc%3D1-27%26sk%3D%26cvid%3D58A09D3647BF4F59BC9DE8EC4578ACFF,1
https%3A%2F%2Fscholar-google-com.lynx.lib.usm.edu%2Fscholar%3Fas_ylo%3D2016%26q%3Dus%2Barms%2Btrade%26hl%3Den%26as_sdt%3D0%2C25,1
https%3A%2F%2Fscholar.google.com%2Fscholar%3Fhl%3Den%26as_sdt%3D0%252C5%26q%3DDall-E-2%2Bvisual%2BAI%26btnG%3D,1
https%3A%2F%2Fscholar.google.com%2Fscholar%3Fhl%3Den%26as_sdt%3D0%252C5%26q%3DDall-e%2B%2526%2Bopen%2BAI%2B%2526%2Bdesign%2B%26btnG%3D,1
https%3A%2F%2Fscholar.google.com%2Fscholar%3Fhl%3Den%26as_sdt%3D0%252C5%26q%3DEmma%2Bchamberlain%2Bteen%26btnG%3D,1
https%3A%2F%2Fscholar.google.com%2Fscholar%3Fhl%3Den%26as_sdt%3D0%252C5%26q%3DFTX%2Btweets%26btnG%3D,1
https%3A%2F%2Fscholar.google.com%2Fscholar%3Fhl%3Den%26as_sdt%3D0%252C5%26q%3DHow%2Bthe%2BTexas%2Bban%2Bon%2Bmost%2Babortions%2Bis%2Bharming%2Bsurvivors%2Bof%2Brape%2Band%2Bincest%26btnG%3D,1
https%3A%2F%2Fscholar.google.com%2Fscholar%3Fhl%3Den%26as_sdt%3D0%252C5%26q%3DHuang%252C%2BZ.%252C%2B2022.%2BAnalysis%2Bof%2BText-to-Image%2BAI%2BGenerators.%26btnG%3D,1
https%3A%2F%2Fscholar.google.com%2Fscholar%3Fhl%3Den%26as_sdt%3D0%252C5%26q%3DMelonio%2B2020%2BTikTok%26btnG%3D,1
https%3A%2F%2Fscholar.google.com%2Fscholar%3Fhl%3Den%26as_sdt%3D0%252C5%26q%3DNetflix%2Brevenue%2Bcovid%26btnG%3D,1
https%3A%2F%2Fscholar.google.com%2Fscholar%3Fhl%3Den%26as_sdt%3D0%252C5%26q%3DNetflix%2Bwith%2Btableau%26btnG%3D,1
https%3A%2F%2Fscholar.google.com%2Fscholar%3Fhl%3Den%26as_sdt%3D0%252C5%26q%3DPfeiffer%252C%2BF.%252C%2B2021.%2BReframing%2Bthe%2Bways%2Bwe%2Bunderstand%2BCancel%2BCulture%253A%2BClickbait%2BCampaigns%2Bin%2BThe%2BAttention%2BEconomy.%26btnG%3D,1
https%3A%2F%2Fscholar.google.com%2Fscholar%3Fhl%3Den%26as_sdt%3D0%252C5%26q%3DSam%2BBankman%2BFried%2Binterview%26btnG%3D,1
https%3A%2F%2Fscholar.google.com%2Fscholar%3Fhl%3Den%26as_sdt%3D0%252C5%26q%3DTaylor%2BSwift%2BMidnights%26btnG%3D,1
https%3A%2F%2Fscholar.google.com%2Fscholar%3Fhl%3Den%26as_sdt%3D0%252C5%26q%3DTikTok%2Bbeauty%2B%26btnG%3D,1
https%3A%2F%2Fscholar.google.com%2Fscholar%3Fhl%3Den%26as_sdt%3D0%252C5%26q%3DTikTok%2Bbeauty%2Bstandards%26btnG%3D,1
https%3A%2F%2Fscholar.google.com%2Fscholar%3Fhl%3Den%26as_sdt%3D0%252C5%26q%3DWHEN%2BAI%2BMET%2BSCREENWRITING...%2BCAN%2BAI%2BGENERATE%2B%2BBEAT%2BSHEETS%2B%2526%2BSTORYBOARDS%253F%26btnG%3D,1
https%3A%2F%2Fscholar.google.com%2Fscholar%3Fhl%3Den%26as_sdt%3D0%252C5%26q%3DWayne%2Bmcgregor%2Binfluences%26btnG%3D,1
app.classkick.com/,1
https%3A%2F%2Fscholar.google.com%2Fscholar%3Fhl%3Den%26as_sdt%3D0%252C5%26q%3Dabortion%2Btwitter%26btnG%3D,1
https%3A%2F%2Fscholar.google.com%2Fscholar%3Fhl%3Den%26as_sdt%3D0%252C5%26q%3Dai%2Bscreenwriting%26btnG%3D,1
https%3A%2F%2Fscholar.google.com%2Fscholar%3Fhl%3Den%26as_sdt%3D0%252C5%26q%3Dai%2Bwriting%2Bpoetry%26btnG%3D,1
https%3A%2F%2Fscholar.google.com%2Fscholar%3Fhl%3Den%26as_sdt%3D0%252C5%26q%3Dalgorithm%2Band%2Bbeauty%2Btik%2Btok%26btnG%3D,1
https%3A%2F%2Fscholar.google.com%2Fscholar%3Fhl%3Den%26as_sdt%3D0%252C5%26q%3Dbeauty%2Bstandards%2Btiktok%26btnG%3D,1
https%3A%2F%2Fscholar.google.be%2Fscholar%3Fas_ylo%3D2021%26q%3DNetflix%2Bdisney%26hl%3Dfr%26as_sdt%3D0%2C5,1
https%3A%2F%2Fscholar.google.com%2Fscholar%3Fhl%3Den%26as_sdt%3D0%252C5%26q%3Dcharacter%2Banalysis%2Bmodernism%252C%2BKurt%2BVonnegut%26btnG%3D,1
https%3A%2F%2Fscholar.google.com%2Fscholar%3Fhl%3Den%26as_sdt%3D0%252C5%26q%3DchatGPT%2Band%2Blegal%2Bproblems%2B%26btnG%3D,1
https%3A%2F%2Fscholar.google.ca%2Fscholar%3Fas_ylo%3D2018%26q%3Ddeep%2Breinforcement%2Bstock%2Bmarket%26hl%3Den%26as_sdt%3D0%2C5,1
https%3A%2F%2Fscholar.google.com%2Fscholar%3Fhl%3Den%26as_sdt%3D0%252C5%26q%3Dchatgpt%2Bjailbreaking%26btnG%3D,1
https%3A%2F%2Fscholar.google.com%2Fscholar%3Fhl%3Den%26as_sdt%3D0%252C5%26q%3Dcrypto%2Bboom%2B2021%26btnG%3D,1
https%3A%2F%2Fscholar.google.com%2Fscholar%3Fhl%3Den%26as_sdt%3D0%252C5%26q%3Dcrypto%2Btrading%2Bbot%26btnG%3D%26oq%3Dcrypto%2Btrading%2B,1
https%3A%2F%2Fscholar.google.com%2Fscholar%3Fhl%3Den%26as_sdt%3D0%252C5%26q%3Ddali%2Bai%2Bart%2Bgenerator%26btnG%3D,1
https%3A%2F%2Fscholar.google.com%2Fscholar%3Fhl%3Den%26as_sdt%3D0%252C5%26q%3Ddall-e%2B2%2Bopen%2Bai%26btnG%3D,1
https%3A%2F%2Fscholar.google.com%2Fscholar%3Fhl%3Den%26as_sdt%3D0%252C5%26q%3Ddall-e%2Bai%26btnG%3D,1
https%3A%2F%2Fscholar.google.com%2Fscholar%3Fhl%3Den%26as_sdt%3D0%252C5%26q%3Ddanger%2Bof%2Bthe%2Balgorithm%2Bsocial%2Bmedia%26btnG%3D,1
https%3A%2F%2Fscholar.google.com%2Fscholar%3Fhl%3Den%26as_sdt%3D0%252C5%26q%3Ddisney%252B%2Band%2Bhulu%26btnG%3D,1
https%3A%2F%2Fscholar.google.ca%2Fscholar%3Fhl%3Den%26as_sdt%3D0%252C5%26as_vis%3D1%26q%3Dunemployment%252Bcanada%252Bcovid%2Bsalary%26btnG%3D,1
https%3A%2F%2Fscholar.google.com%2Fscholar%3Fhl%3Den%26as_sdt%3D0%252C5%26q%3Ddoomism%26btnG%3D,1
https%3A%2F%2Fscholar.google.com%2Fscholar%3Fhl%3Den%26as_sdt%3D0%252C5%26q%3Ddoomism%26oq%3Ddoo,1
https%3A%2F%2Fscholar.google.com%2Fscholar%3Fhl%3Den%26as_sdt%3D0%252C5%26q%3Demily%2Bwilson%2Bodyssey%26btnG%3D,1
https%3A%2F%2Fscholar.google.com%2Fscholar%3Fhl%3Den%26as_sdt%3D0%252C5%26q%3Demma%2Bchamberlain%2Byoutube%26oq%3DEmma%2Bchambers,1
https%3A%2F%2Fscholar.google.com%2Fscholar%3Fhl%3Den%26as_sdt%3D0%252C5%26q%3Dequal%2Bpay%2Bin%2Btennis%2B%26btnG%3D,1
https%3A%2F%2Fscholar.google.com%2Fscholar%3Fhl%3Den%26as_sdt%3D0%252C5%26q%3Dequal%2Bprize%2Bmoney%2Btennis%26btnG%3D%26oq%3Deq,1
https%3A%2F%2Fscholar.google.ca%2Fscholar%3Fhl%3Den%26as_sdt%3D0%252C5%26q%3D%2522derek%2Bryder%2522%26btnG%3D,1
https%3A%2F%2Fscholar.google.com%2Fscholar%3Fhl%3Den%26as_sdt%3D0%252C5%26q%3DfbProp%2Bfor%2Bcrypto%2Bforecasting%26btnG%3D,1
https%3A%2F%2Fscholar.google.com%2Fscholar%3Fhl%3Den%26as_sdt%3D0%252C5%26q%3Dgoogle%2Bteaches%2Bai%2Bto%2Bdance%26btnG%3D,1
https%3A%2F%2Fscholar.google.com%2Fscholar%3Fhl%3Den%26as_sdt%3D0%252C5%26q%3Dgpt%2Bpoetry%2B%26btnG%3D,1
https%3A%2F%2Fscholar.google.com%2Fscholar%3Fhl%3Den%26as_sdt%3D0%252C5%26q%3Dgpt2%2Bnarrative%2Bgeneration%26btnG%3D,1
https%3A%2F%2Fscholar.google.com%2Fscholar%3Fhl%3Den%26as_sdt%3D0%252C5%26q%3Dgpt3%2Beconomics%26btnG%3D,1
https%3A%2F%2Fscholar.google.com%2Fscholar%3Fhl%3Den%26as_sdt%3D0%252C5%26q%3Dharry%2Bpotter%2Band%2Bthe%2Bphilosopher%2527s%2Bstone%2Bmovie%2Band%2Bbook%2Bscene%2Bdifferences%26btnG%3D,1
https%3A%2F%2Fscholar.google.com%2Fscholar%3Fhl%3Den%26as_sdt%3D0%252C5%26q%3Dhashtags%2Band%2Bclickbait%26btnG%3D,1
https%3A%2F%2Fscholar.google.ca%2Fscholar%3Fhl%3Den%26as_sdt%3D0%252C5%26q%3DAI%2Bprompt%2Bgenerator%2Bfor%2Bart%2Bai%26btnG%3D,1
https%3A%2F%2Fscholar.google.com%2Fscholar%3Fhl%3Den%26as_sdt%3D0%252C5%26q%3Dhow%2Bgtp-3%2Bworks%26btnG%3D,1
https%3A%2F%2Fscholar.google.com%2Fscholar%3Fhl%3Den%26as_sdt%3D0%252C5%26q%3Dhow%2Bwas%2Bchatgpt%2Bstopped%2Bfrom%2Bsaying%2Bwrong%2Bthings%26btnG%3D,1
https%3A%2F%2Fscholar.google.com%2Fscholar%3Fhl%3Den%26as_sdt%3D0%252C5%26q%3Dissues%2Babout%2Bai%2Bgenerators%26btnG%3D,1
https%3A%2F%2Fscholar.google.com%2Fscholar%3Fhl%3Den%26as_sdt%3D0%252C5%26q%3Djames%2Bwright%2Bai%2B%26btnG%3D,1
https%3A%2F%2Fscholar.google.ca%2Fscholar%3Fhl%3Den%26as_sdt%3D0%252C5%26q%3DTik%2BTok%2527s%2Bdiscriminatory%2Balgorithm%26btnG%3D,1
https%3A%2F%2Fscholar.google.com%2Fscholar%3Fhl%3Den%26as_sdt%3D0%252C5%26q%3Dlike%2Beconomy%2Band%2Bclickbait%26btnG%3D,1
https%3A%2F%2Fscholar.google.ca%2Fscholar%3Fstart%3D10%26q%3D%2522covid%2B19%2522%2B%2Bunemployment%2Brate%2Bcanada%26hl%3Den%26scisbd%3D1%26as_sdt%3D0%2C5,1
https%3A%2F%2Fscholar.google.com%2Fscholar%3Fhl%3Den%26as_sdt%3D0%252C5%26q%3Dopen%2Bai%2Btext%2Bgenerator%26btnG%3D%26oq%3Dopen%2Bai%2Btext,1
https%3A%2F%2Fscholar.google.com%2Fscholar%3Fhl%3Den%26as_sdt%3D0%252C5%26q%3Dopenai%2Bdall-e%2B2%26btnG%3D,1
https%3A%2F%2Fscholar.google.com%2Fscholar%3Fhl%3Den%26as_sdt%3D0%252C5%26q%3Doverfitting%2Bin%2BGpt2%26btnG%3D,1
https%3A%2F%2Fscholar.google.com%2Fscholar%3Fhl%3Den%26as_sdt%3D0%252C5%26q%3Dperformance%2Bdall-e%2Bimage%2Bgenerators%26btnG%3D,1
https%3A%2F%2Fscholar.google.com%2Fscholar%3Fhl%3Den%26as_sdt%3D0%252C5%26q%3Dperformance%2Bof%2Bblockbusters%2Bstats%26btnG%3D,1
https%3A%2F%2Fscholar.google.com%2Fscholar%3Fhl%3Den%26as_sdt%3D0%252C5%26q%3Dpnl%2Bmaximization%26btnG%3D,1
https%3A%2F%2Fscholar.google.ca%2Fscholar%3Fstart%3D10%26q%3Dchoreography%2BWayne%2Bmcgregor%2Bcase%2Bstudy%26hl%3Den%26as_sdt%3D0%2C5,1
https%3A%2F%2Fscholar.google.ca%2Fscholar%3Fstart%3D10%26q%3Ddistinguish%2BAI%2Bartwork%26hl%3Den%26as_sdt%3D0%2C5,1
https%3A%2F%2Fscholar.google.com%2Fscholar%3Fhl%3Den%26as_sdt%3D0%252C5%26q%3Droe%2Bv%2Bwade%2Band%2Btwitter%26btnG%3D,1
https%3A%2F%2Fscholar.google.com%2Fscholar%3Fhl%3Den%26as_sdt%3D0%252C5%26q%3Dscraping%2Btwitter%2Busing%2Bsnscrape%26btnG%3D,1
https%3A%2F%2Fscholar.google.ca%2Fscholar%3Fstart%3D20%26q%3Dconcept%2Bof%2Bpump-and-dump%2Band%2Bfinancial%2Bmarket%2Bregulation%26hl%3Den%26as_sdt%3D0%2C5,1
https%3A%2F%2Fscholar.google.com%2Fscholar%3Fhl%3Den%26as_sdt%3D0%252C5%26q%3Dsentiment%2Banalysis%2Btranscription%2Bmeetings%26btnG%3D,1
https%3A%2F%2Fscholar.google.com%2Fscholar%3Fhl%3Den%26as_sdt%3D0%252C5%26q%3Dsimilarities%2Bsongs%2BSpotify%26btnG%3D,1
https%3A%2F%2Fscholar.google.com%2Fscholar%3Fhl%3Den%26as_sdt%3D0%252C5%26q%3Dsocial%2Bmedia%2Band%2Bdopamine%2Bgraphs%26btnG%3D,1
https%3A%2F%2Fscholar.google.ca%2Fscholar%3Fstart%3D30%26q%3DResearch%2Bon%2Bchatgpt%26hl%3Den%26as_sdt%3D0%2C5%26as_vis%3D1,1
https%3A%2F%2Fscholar.google.com%2Fscholar%3Fhl%3Den%26as_sdt%3D0%252C5%26q%3Dstatistics%2Bfor%2Bstreaming%2Bservices%2Bnetflix%26oq%3D,1
artslondon.padlet.org/,1
https%3A%2F%2Fscholar.google.com%2Fscholar%3Fhl%3Den%26as_sdt%3D0%252C5%26q%3Dtext-to-image%2Bgenerator%2Bhumanities%2Barts%26btnG%3D,1
https%3A%2F%2Fscholar.google.com%2Fscholar%3Fhl%3Den%26as_sdt%3D0%252C5%26q%3Dthe%2Binfluence%2Bof%2Bartificial%2Bintelligence%2Bin%2Bchoreography%26oq%3Dthe%2Binfluence%2Bof%2Bartificial%2Bintelligence%2Bin%2Bchore,1
https%3A%2F%2Fscholar.google.com%2Fscholar%3Fhl%3Den%26as_sdt%3D0%252C5%26q%3Dthe%2Binfluence%2Bof%2Bartificial%2Bintelligence%2Bin%2Bdance%2Bchoregrapy%26btnG%3D,1
https%3A%2F%2Fscholar.google.ca%2Fscholar%3Fstart%3D40%26q%3Dsocial%2Bmedia%2Band%2Bbeauty%2Bstandards%26hl%3Den%26as_sdt%3D0%2C5,1
https%3A%2F%2Fscholar.google.com%2Fscholar%3Fhl%3Den%26as_sdt%3D0%252C5%26q%3Dtiktok%2Bbeauty%26btnG%3D,1
https%3A%2F%2Fscholar.google.ch%2Fscholar%3Fhl%3Dde%26as_sdt%3D0%252C5%26q%3Deconomic%2Bstimuli%2Bfollowing%2Bcovid%26btnG%3D,1
https%3A%2F%2Fscholar.google.ch%2Fscholar%3Fhl%3Den%26as_sdt%3D0%2C5%26q%3Dchatgpt%2Bopenai,1
https%3A%2F%2Fscholar.google.com%2Fscholar%3Fhl%3Den%26as_sdt%3D0%252C5%26q%3Dtiktok%2Bbeauty%2Balgorithm%2Band%2Bhow%2Bit%2Baffects%2Bone%25E2%2580%2599s%2Bsuccess%26btnG%3D,1
https%3A%2F%2Fscholar.google.com%2Fscholar%3Fhl%3Den%26as_sdt%3D0%252C5%26q%3Dtiktok%2Bbeauty%2Bstandards%26oq%3D,1
https%3A%2F%2Fscholar.google.co.in%2Fscholar%3Fhl%3Den%26as_sdt%3D0%252C21%26q%3DWhat%2Bopen%2Bquestions%2Band%2Bconcerns%2Bare%2Bleft%2Bby%2BChatGPT%26btnG%3D,1
https%3A%2F%2Fscholar.google.com%2Fscholar%3Fhl%3Den%26as_sdt%3D0%252C5%26q%3Dtwitter%2B%2Broe%2Bv%2Bwade%26btnG%3D,1
https%3A%2F%2Fscholar.google.com%2Fscholar%3Fhl%3Den%26as_sdt%3D0%252C5%26q%3Dunhoused%2Bpersons%26btnG%3D,1
https%3A%2F%2Fscholar.google.co.in%2Fscholar%3Fq%3Djailbreaking%2BAI%2Bchatbots%26hl%3Den%26as_sdt%3D0%26as_vis%3D1%26oi%3Dscholart,1
https%3A%2F%2Fscholar.google.co.jp%2Fscholar%3Fhl%3Dja%26as_sdt%3D0%252C5%26q%3DDall-e%2Bdraw%26btnG%3D,1
https%3A%2F%2Fscholar.google.com%2Fscholar%3Fhl%3Den%26as_sdt%3D0%252C6%26as_ylo%3D2022%26q%3Dpete%2Brose%2Bbaseball%2Bban%26oq%3Dpete%2Brose%2Bbaseball,1
https%3A%2F%2Fscholar.google.com%2Fscholar%3Fhl%3Den%26as_sdt%3D0%252C6%26q%3Dgpt%2Bai%26btnG%3D,1
https%3A%2F%2Fscholar.google.com%2Fscholar%3Fhl%3Den%26as_sdt%3D0%252C7%26q%3D%2522chatgpt%2522%2Band%2B%2522truth%2522%26btnG%3D,1
https%3A%2F%2Fscholar.google.com%2Fscholar%3Fhl%3Den%26as_sdt%3D0%252C9%26as_ylo%3D2020%26q%3Dunemployment%2Bstimulus%26btnG%3D,1
https%3A%2F%2Fscholar.google.com%2Fscholar%3Fhl%3Den%26as_sdt%3D0%252C9%26q%3D%25E2%2580%259CFirearms%2BControl%2BRegulations%2BAct%2Bof%2B1975%25E2%2580%259D%26btnG%3D,1
https%3A%2F%2Fscholar.google.com%2Fscholar%3Fhl%3Den%26as_sdt%3D0%252C9%26q%3Dcontent%2Banalysis%2Bof%2Babortion%2Bopinions%2B%2522supreme%2Bcourt%2522%26btnG%3D,1
https%3A%2F%2Fscholar.google.com%2Fscholar%3Fhl%3Den%26as_sdt%3D0%2C10%26q%3D%2522transitional%2Bjustice%2522%2B%2Bun%2Bgeneral%2Bassembly%26scisbd%3D1,1
xueshu.zidianzhan.net/,1
https%3A%2F%2Fscholar.google.com%2Fscholar%3Fhl%3Den%26as_sdt%3D0%2C5%26as_ylo%3D2022%26as_vis%3D1%26q%3Dprompt%2Bengineering%2Bresearch%2Bpapers,1
https%3A%2F%2Fscholar.google.com%2Fscholar%3Fhl%3Den%26as_sdt%3D0%2C5%26q%3D%2522DALL-E%2522%2B%2B2%26scisbd%3D1,1
https%3A%2F%2Fscholar.google.com%2Fscholar%3Fhl%3Den%26as_sdt%3D0%2C5%26q%3DDall-e%2B2%2Bimage%2Bgenerator,1
https%3A%2F%2Fscholar.google.com%2Fscholar%3Fhl%3Den%26as_sdt%3D0%2C5%26q%3Dgan%2Bnetwork%2Balgo%2Btrading%2Bgithub,1
https%3A%2F%2Fscholar.google.co.jp%2Fscholar%3Fstart%3D10%26q%3Dimage%2Bgeneration%2Bsurvey%26hl%3Den%26as_sdt%3D1%2C5%26as_ylo%3D2016,1
https%3A%2F%2Fscholar.google.com%2Fscholar%3Fhl%3Den%26as_sdt%3D0%2C5%26qsp%3D1%26q%3Demma%2Bchamberlain%2Byoutube%26qst%3Dbb,1
https%3A%2F%2Fscholar.google.com%2Fscholar%3Fhl%3Den%26lr%3Dlang_en%26as_sdt%3D0%252C22%26q%3DAI%2Bdrawing%2BDALL-E%26btnG%3D,1
https%3A%2F%2Fscholar.google.com%2Fscholar%3Fhl%3Des%26as_sdt%3D0%2C5%26q%3Dhotpot%2Bai,1
https%3A%2F%2Fscholar.google.com%2Fscholar%3Fhl%3Dfr%26as_sdt%3D0%252C22%26q%3Djk%2Browling%2Bcancelled%26btnG%3D,1
https%3A%2F%2Fscholar.google.com%2Fscholar%3Fhl%3Dfr%26as_sdt%3D0%252C5%26q%3Djuan%2Bguaido%26btnG%3D,1
https%3A%2F%2Fscholar.google.com%2Fscholar%3Fhl%3Dfr%26as_sdt%3D0%252C5%26q%3Djuan%2Bguaido%2Bexplained%26btnG%3D,1
https%3A%2F%2Fscholar.google.com%2Fscholar%3Fhl%3Dfr%26as_sdt%3D0%252C5%26q%3Djuan%2Bguaido%2Bforeign%26btnG%3D,1
https%3A%2F%2Fscholar.google.com%2Fscholar%3Fhl%3Dfr%26as_sdt%3D0%252C5%26q%3Djuan%2Bguaido%2Bsupport%26btnG%3D,1
https%3A%2F%2Fscholar.google.com%2Fscholar%3Fhl%3Dhr%26as_sdt%3D0%2C5%26qsp%3D1%26q%3Demma%2Bchamberlain%2Byoutube%26qst%3Dbb,1
https%3A%2F%2Fscholar.google.com%2Fscholar%3Fhl%3Did%26as_sdt%3D0%252C5%26q%3DMid%2BJourney%2BAI-generated%26btnG%3D,1
https%3A%2F%2Fscholar.google.com%2Fscholar%3Fhl%3Did%26as_sdt%3D0%252C5%26q%3Dclimate%2Bdoomism%26btnG%3D,1
https%3A%2F%2Fscholar.google.com%2Fscholar%3Fhl%3Did%26as_sdt%3D0%252C5%26q%3Ddoomism%26oq%3Ddoomis,1
https%3A%2F%2Fscholar.google.com%2Fscholar%3Fhl%3Dit%26as_sdt%3D0%252C5%26q%3DAI%2BArt%2BGenerators%26btnG%3D,1
https%3A%2F%2Fscholar.google.com%2Fscholar%3Fhl%3Dit%26as_sdt%3D0%252C5%26q%3Ddall-e%2Bai%2Bart%2Bgenerator%26btnG%3D,1
https%3A%2F%2Fscholar.google.com%2Fscholar%3Fhl%3Dit%26as_sdt%3D0%252C5%26q%3Dequal%2Bpay%2Bin%2Btennis%26btnG%3D,1
https%3A%2F%2Fscholar.google.com%2Fscholar%3Fhl%3Dit%26as_sdt%3D0%252C5%26q%3Dequal%2Bpayment%2Btennis%26btnG%3D,1
https%3A%2F%2Fscholar.google.com%2Fscholar%3Fhl%3Dja%26as_sdt%3D0%252C5%26q%3Dartificial%2Bintelligence%2Bchoreography%2B%26btnG%3D,1
https%3A%2F%2Fscholar.google.com%2Fscholar%3Fhl%3Dko%26as_sdt%3D0%252C5%26q%3Dgpt%2Bpoetry%26btnG%3D,1
https%3A%2F%2Fscholar.google.com%2Fscholar%3Fhl%3Dnl%26as_sdt%3D0%252C5%26q%3DText-to-image%2Bgenerators%2Bexplained%26btnG%3D,1
https%3A%2F%2Fscholar.google.com%2Fscholar%3Fhl%3Dnl%26as_sdt%3D0%252C5%26q%3DText-to-image%2Bgenerators%2Bexplained%26btnG%3D%26oq%3DText%2BTo%2BImage%2BGenerators%2B,1
https%3A%2F%2Fscholar.google.co.jp%2Fscholar%3Fstart%3D10%26q%3Dreinforcement%2Blearning%2Bstock%2Btrade%26hl%3Dja%26as_sdt%3D0%2C5%26as_ylo%3D2018,1
https%3A%2F%2Fscholar.google.com%2Fscholar%3Fhl%3Dnl%26as_sdt%3D0%252C5%26q%3Dclimate%2Bchange%2Bdoomism%26btnG%3D,1
https%3A%2F%2Fscholar.google.com%2Fscholar%3Fhl%3Dnl%26as_sdt%3D0%252C5%26q%3Ddalle%2Bgenerative%2Bmodel%2Bai%26btnG%3D,1
https%3A%2F%2Fscholar.google.com%2Fscholar%3Fhl%3Dnl%26as_sdt%3D0%252C5%26q%3Dmara%2Bkaspers%26btnG%3D,1
https%3A%2F%2Fscholar.google.com%2Fscholar%3Fhl%3Dno%26as_sdt%3D0%252C5%26q%3DchatGPT%2Bethics%26btnG%3D,1
https%3A%2F%2Fscholar.google.com%2Fscholar%3Fhl%3Dpt-BR%26as_sdt%3D0%252C5%26q%3Djuan%2Bguaido%2Banalysis%26btnG%3D,1
https%3A%2F%2Fscholar.google.com%2Fscholar%3Fhl%3Dpt-PT%26as_sdt%3D0%252C5%26q%3DWayne%2BMcGregor%2BAI%2Bchoreography%26btnG%3D,1
https%3A%2F%2Fscholar.google.com%2Fscholar%3Fhl%3Dpt-PT%26as_sdt%3D0%252C5%26q%3Dcreation%2Bdance%2Bthrough%2Bartificial%2Btechnology%26btnG%3D,1
https%3A%2F%2Fscholar.google.com%2Fscholar%3Fhl%3Dpt-PT%26as_sdt%3D0%252C5%26q%3Dthe%2Binfluence%2Bof%2Bartificial%2Bintelligence%2Bin%2Bdance%2Bchoreography%26btnG%3D,1
https%3A%2F%2Fscholar.google.co.kr%2Fscholar%3Fhl%3Den%26as_sdt%3D0%252C5%26q%3Dai%2Bchoreography%26oq%3Dai%2Bchoreo,1
https%3A%2F%2Fscholar.google.com%2Fscholar%3Fhl%3Dru%26as_sdt%3D0%252C5%26q%3Dwestern%2Band%2Beastern%2Bbeauty%2Bstandards%26oq%3Dwestern%2Band%2Beastern%2Bbeauty%2Bstan,1
https%3A%2F%2Fscholar.google.com%2Fscholar%3Fhl%3Dsv%26as_sdt%3D0%252C5%26q%3Dsnscrape%2Btwitter%2B%26btnG%3D,1
https%3A%2F%2Fscholar.google.co.kr%2Fscholar%3Fhl%3Dit%26as_sdt%3D0%252C5%26as_vis%3D1%26q%3Dai%2Bart%2Bgenerator%2B%26btnG%3D,1
https%3A%2F%2Fscholar.google.com%2Fscholar%3Fhl%3Dtr%26as_sdt%3D0%252C5%26q%3Ddall-e%2Bai%2Bgenerate%2Bphoto%26btnG%3D,1
c.glgoo.top/,1
https%3A%2F%2Fscholar.google.com%2Fscholar%3Fhl%3Dzh-CN%26as_sdt%3D0%252C5%26as_ylo%3D2020%26q%3DCOVID%2Bunemployment%2BItaly%2B%26btnG%3D,1
https%3A%2F%2Fscholar.google.co.kr%2Fscholar%3Fq%3Ddoomism%26btnG%3D%26hl%3Den%26as_sdt%3D0%252C5,1
https%3A%2F%2Fscholar.google.com%2Fscholar%3Fhl%3Dzh-CN%26as_sdt%3D0%252C5%26q%3Dchatgpt%2Behtics%26btnG%3D,1
https%3A%2F%2Fscholar.google.co.kr%2Fscholar%3Fstart%3D10%26q%3Dprompt%2Bengineering%26hl%3Dko%26as_sdt%3D0%2C5,1
https%3A%2F%2Fscholar.google.com%2Fscholar%3Fhl%3Dzh-TW%26as_sdt%3D0%252C5%26as_ylo%3D2018%26q%3Dnetflix%2BCOVID-19%2Bentertainment%26btnG%3D,1
https%3A%2F%2Fscholar.google.com%2Fscholar%3Fhl%3Dzh-TW%26as_sdt%3D0%252C5%26as_ylo%3D2018%26q%3Dnetflix%2BCOVID-19%2Bentertainment%26oq%3Dnetflix%2BCOVID-19,1
https%3A%2F%2Fscholar.google.co.nz%2Fscholar%3Fhl%3Den%26as_sdt%3D0%252C5%26as_ylo%3D2019%26authuser%3D1%26q%3Dchatgpt%2Bmisinformation%26btnG%3D,1
https%3A%2F%2Fscholar.google.com%2Fscholar%3Fhl%3Dzh-TW%26as_sdt%3D0%252C5%26q%3Ddall-e-2%2Bdrawing%26btnG%3D,1
https%3A%2F%2Fscholar.google.co.uk%2Fscholar%3Fhl%3Den%26as_sdt%3D0%252C5%26as_ylo%3D2021%26as_vis%3D1%26q%3Dmachine%2Blearning%2Bscreenplay%26oq%3D%2522machine%2Blearning%2522%2Bscree,1
https%3A%2F%2Fscholar.google.com%2Fscholar%3Fq%3DAI%2Bgenerative%2Bart%2Bdalle%2B%26hl%3Den%26as_sdt%3D0%2C6,1
https%3A%2F%2Fscholar.google.com%2Fscholar%3Fq%3DTikTok%2Balgorithm%2Bfacial%2Brecognition%26hl%3Den%26as_sdt%3D0%26as_vis%3D1%26oi%3Dscholart,1
https%3A%2F%2Fscholar.google.com%2Fscholar%3Fq%3Dartificial%2Bintelligence%2Bchoreography%26hl%3Den%26as_sdt%3D0%26as_vis%3D1%26oi%3Dscholart,1
https%3A%2F%2Fscholar.google.com%2Fscholar%3Fq%3Ddall-e%2Bbenefits%26inst%3D4934119621948471250,1
https%3A%2F%2Fscholar.google.com%2Fscholar%3Fq%3Dopenai%2Bdalle%2B2%2Bresearch%2Bpaper%26hl%3Den%26as_sdt%3D0%26as_vis%3D1%26oi%3Dscholart,1
https%3A%2F%2Fscholar.google.com%2Fscholar%3Fq%3Dprompt%2Bengineering%26hl%3Dfr%26as_sdt%3D0%252C5%26as_ylo%3D2019%26as_yhi%3D2022,1
https%3A%2F%2Fscholar.google.com%2Fscholar%3Fq%3Dprompt%2Bengineering%2Bin%2Bgpt3%26hl%3Den%26as_sdt%3D0%26as_vis%3D1%26oi%3Dscholart,1
https%3A%2F%2Fscholar.google.com%2Fscholar%3Fq%3Drelated%3AEhyjnzaSsA0J%3Ascholar.google.com%2F%26scioq%3Da%25C3%25AD%2Bscreenwriting%26hl%3Den%26as_sdt%3D0%2C5,1
https%3A%2F%2Fscholar.google.com%2Fscholar%3Fq%3Drelated%3AXyfP2qd8FZ4J%3Ascholar.google.com%2F%26scioq%3D%26hl%3Den%26as_sdt%3D2005%26sciodt%3D0%2C5,1
https%3A%2F%2Fscholar.google.com%2Fscholar%3Fq%3Dstylometry%2Bghostwriting%26hl%3Dde%26as_sdt%3D0%2C5,1
https%3A%2F%2Fscholar.google.com%2Fscholar%3Fq%3Dtiktok%2Bunrealistic%2Bbeauty%2Bstandards%26hl%3Den%26as_sdt%3D0%26as_vis%3D1%26oi%3Dscholart,1
https%3A%2F%2Fscholar.google.com%2Fscholar%3Fq%3Dtwitter%2Bdata%2Band%2Broe%2Bv%2Bwade%2Bscholarly%2Barticles%26hl%3Den%26as_sdt%3D0%26as_vis%3D1%26oi%3Dscholart,1
https%3A%2F%2Fscholar.google.com%2Fscholar%3Fq%3Dxgboost%2Bmultivariate%2Btime%2Bseries%2Bforecasting%2Bpython%26hl%3Den%26as_sdt%3D0%26as_vis%3D1%26oi%3Dscholart,1
https%3A%2F%2Fscholar.google.com%2Fscholar%3Fstart%3D0%26q%3DAI%2Bart%2Bgenerators%26hl%3Den%26as_sdt%3D0%2C5,1
https%3A%2F%2Fscholar.google.com%2Fscholar%3Fstart%3D0%26q%3DNetflix%2Bwith%2Btableau%2B%26hl%3Den%26as_sdt%3D0%2C5,1
https%3A%2F%2Fscholar.google.com%2Fscholar%3Fstart%3D0%26q%3Dbest%2520crypto%2520trading%2520bot%2520for%2520beginners%26hl%3Den%26lr%3Dlang_en,1
https%3A%2F%2Fscholar.google.com%2Fscholar%3Fstart%3D0%26q%3Dbuy%2520and%2520sell%2520bitcoin%2520ph%26hl%3Den%26lr%3Dlang_en,1
https%3A%2F%2Fscholar.google.com%2Fscholar%3Fstart%3D0%26q%3Dcrypto%2520bot%2520trading%26hl%3Den%26lr%3Dlang_en,1
https%3A%2F%2Fscholar.google.com%2Fscholar%3Fstart%3D0%26q%3Dethics%2Bof%2Bchatgpt%26hl%3Den%26as_sdt%3D0%2C5,1
https%3A%2F%2Fscholar.google.com%2Fscholar%3Fstart%3D0%26q%3Dgpt-2%26hl%3Den%26as_sdt%3D0%2C31%26as_ylo%3D2020,1
https%3A%2F%2Fscholar.google.com%2Fscholar%3Fstart%3D0%26q%3Dhow%2Bdid%2Bemma%2Bchamberlain%2Bbecome%2Bpopular%26hl%3Den%26as_sdt%3D0%2C39,1
https%3A%2F%2Fscholar.google.com%2Fscholar%3Fstart%3D0%26q%3Dphotoshop%2520tutorial%2520watercolor%2520painting%2520effect%26hl%3Did%26lr%3Dlang_id,1
https%3A%2F%2Fscholar.google.com%2Fscholar%3Fstart%3D10%26q%3D%2522abortion%2522%2Band%2B%2522attitudes%2522%2Band%2B%2522demographics%2522%26hl%3Den%26as_sdt%3D0%2C4,1
https%3A%2F%2Fscholar.google.com%2Fscholar%3Fstart%3D10%26q%3DChat%2BGPT%2Bfalsehood%26hl%3Den%26as_sdt%3D0%2C44,1
https%3A%2F%2Fscholar.google.com%2Fscholar%3Fstart%3D10%26q%3DChatGPT%2Bsong%26hl%3Den%26as_sdt%3D0%2C39%26scioq%3DWhy%2BSo%2BToxic%253F%3A%2BMeasuring%2Band%2BTriggering%2BToxic%2BBehavior%2Bin%2BOpen-Domain%2BChatbots,1
https%3A%2F%2Fscholar.google.com%2Fscholar%3Fstart%3D10%26q%3DDance%2BPose%2BAI%26hl%3Dzh-CN%26as_sdt%3D0%2C5,1
https%3A%2F%2Fscholar.google.com%2Fscholar%3Fstart%3D10%26q%3DGPT2%2Bpoetry%26hl%3Den%26as_sdt%3D0%2C5,1
https%3A%2F%2Fscholar.google.com%2Fscholar%3Fstart%3D10%26q%3DKara%2BMorrison%26hl%3Den%26as_sdt%3D0%2C36,1
https%3A%2F%2Fscholar.google.com%2Fscholar%3Fstart%3D10%26q%3DPrompt%2BEngineering%26hl%3Den%26as_sdt%3D0%2C10,1
https%3A%2F%2Fscholar.google.com%2Fscholar%3Fstart%3D10%26q%3DTikTok%2Bself-esteem%26hl%3Den%26as_sdt%3D0%2C5,1
https%3A%2F%2Fscholar.google.com%2Fscholar%3Fstart%3D10%26q%3DTikToks%2Balgorithm%26hl%3Den%26as_sdt%3D0%2C14,1
https%3A%2F%2Fscholar.google.com%2Fscholar%3Fstart%3D10%26q%3Dai%2Bart%2Bgenerator%2Bfrom%2Btext%26hl%3Den%26lr%3Dlang_en%26as_sdt%3D0%2C5,1
https%3A%2F%2Fscholar.google.co.uk%2Fscholar%3Fhl%3Dfr%26as_sdt%3D0%252C5%26q%3Dtweets%2Bcovid%2Bprotests%26btnG%3D,1
https%3A%2F%2Fscholar.google.com%2Fscholar%3Fstart%3D10%26q%3Dai%2Bpainting%2Bnegative%26hl%3Dzh-TW%26as_sdt%3D0%2C5,1
https%3A%2F%2Fscholar.google.com%2Fscholar%3Fstart%3D10%26q%3Dalgo%2Btrading%2Bgithub%26hl%3Den%26as_sdt%3D0%2C5,1
https%3A%2F%2Fscholar.google.com%2Fscholar%3Fstart%3D10%26q%3Dallen%2Bginsberg%2Bpoetry%26hl%3Den%26as_sdt%3D0%2C5%26as_ylo%3D2017,1
https%3A%2F%2Fscholar.google.com%2Fscholar%3Fstart%3D10%26q%3Dbeauty%2Bapps%26hl%3Den%26as_sdt%3D0%2C14%26as_ylo%3D2018,1
https%3A%2F%2Fscholar.google.com%2Fscholar%3Fstart%3D10%26q%3Dchat%2Bgpt%2Bcoverage%26hl%3Den%26as_sdt%3D0%2C31,1
https%3A%2F%2Fscholar.google.com%2Fscholar%3Fstart%3D10%26q%3Dchatgpt%26hl%3Den%26as_sdt%3D0%2C5,1
https%3A%2F%2Fscholar.google.com%2Fscholar%3Fstart%3D10%26q%3Dchatgpt%2Bethic%26hl%3Den%26as_sdt%3D0%2C5,1
https%3A%2F%2Fscholar.google.com%2Fscholar%3Fstart%3D10%26q%3Ddall-e%2Bart%2Bhistory%2BAI%26hl%3Dda%26as_sdt%3D0%2C5,1
https%3A%2F%2Fscholar.google.com%2Fscholar%3Fstart%3D10%26q%3Dglobal%2Btrends%2Bof%2Bnetflix%26hl%3Den%26as_sdt%3D0%2C5,1
https%3A%2F%2Fscholar.google.com%2Fscholar%3Fstart%3D10%26q%3Dgpt-2%26hl%3Den%26as_sdt%3D0%2C6,1
https%3A%2F%2Fscholar.google.com%2Fscholar%3Fstart%3D10%26q%3Dhow%2Bai%2Bimage%2Bgenerators%2Bwork%26hl%3Den%26as_sdt%3D0%2C5,1
https%3A%2F%2Fscholar.google.com%2Fscholar%3Fstart%3D10%26q%3Dhow%2Bsocial%2Bmedia%2Bpromote%2Btoxic%2Bbeauty%2Bstandard%26hl%3Den%26as_sdt%3D0%2C5,1
https%3A%2F%2Fscholar.google.com%2Fscholar%3Fstart%3D10%26q%3Dincrease%2Bin%2Bunemployment%2Bin%2Buk%26hl%3Den%26as_sdt%3D0%2C5%26as_ylo%3D2017,1
https%3A%2F%2Fscholar.google.com%2Fscholar%3Fstart%3D10%26q%3Dmae%2Bspatial%2Boverdose%2Bpredict%26hl%3Den%26as_sdt%3D0%2C36,1
https%3A%2F%2Fscholar.google.com%2Fscholar%3Fstart%3D10%26q%3Dno%2Bevidence%2Bof%2Bvoter%2Bfraud%26hl%3Den%26as_sdt%3D0%2C5%26as_ylo%3D2020%26as_yhi%3D2020,1
https%3A%2F%2Fscholar.google.com%2Fscholar%3Fstart%3D10%26q%3Dpost%2Bpandemic%2Bstreaming%2Bentertainment%26hl%3Den%26as_sdt%3D0%2C10,1
https%3A%2F%2Fscholar.google.com%2Fscholar%3Fstart%3D10%26q%3Dreddit%2Bsentiment%2Bbitcoin%26hl%3Den%26as_sdt%3D0%2C31,1
https%3A%2F%2Fscholar.google.com%2Fscholar%3Fstart%3D10%26q%3Drepublicans%2Babortion%26hl%3Dde%26as_sdt%3D0%2C5%26as_ylo%3D2021,1
https%3A%2F%2Fscholar.google.com%2Fscholar%3Fstart%3D10%26q%3Dsocial%2Bmedia%2Band%2Bbeauty%2Bstandards%2Bscholarly%2Bessay%26hl%3Den%26as_sdt%3D0%2C36%26as_vis%3D1,1
https%3A%2F%2Fscholar.google.com%2Fscholar%3Fstart%3D10%26q%3Dspotify%2Bmachine%2Blearning%26hl%3Den%26as_sdt%3D0%2C5,1
https%3A%2F%2Fscholar.google.com%2Fscholar%3Fstart%3D10%26q%3Dspotify%2Bpandemic%26hl%3Den%26as_sdt%3D0%2C5,1
https%3A%2F%2Fscholar.google.com%2Fscholar%3Fstart%3D10%26q%3Dstyle%2Btransfer%2Bai%2Bpaintings%26hl%3Den%26as_sdt%3D0%2C5,1
146.56.235.222:90/,1
https%3A%2F%2Fscholar.google.co.uk%2Fscholar%3Fq%3Dartist%2Bunemployment%2Bai%26hl%3Den%26as_sdt%3D0%26as_vis%3D1%26oi%3Dscholart,1
https%3A%2F%2Fscholar.google.com%2Fscholar%3Fstart%3D10%26q%3Dtiktok%2BAlgorithmus%2B%26hl%3Dde%26as_sdt%3D0%2C5,1
https%3A%2F%2Fscholar.google.com%2Fscholar%3Fstart%3D10%26q%3Dtone%2Bgpt-3%26hl%3Den%26as_sdt%3D0%2C47,1
https%3A%2F%2Fscholar.google.com%2Fscholar%3Fstart%3D10%26q%3Dtrading%2Bstocks%26hl%3Den%26scisbd%3D1%26as_sdt%3D0%2C5,1
https%3A%2F%2Fscholar.google.com%2Fscholar%3Fstart%3D10%26q%3Dtwitter%2Babortion%26hl%3Dzh-CN%26as_sdt%3D0%2C5,1
https%3A%2F%2Fscholar.google.com%2Fscholar%3Fstart%3D10%26q%3Dwayne%2Bmcgregor%2Bchoreography%2B%26hl%3Den%26as_sdt%3D0%2C5,1
https%3A%2F%2Fscholar.google.com%2Fscholar%3Fstart%3D110%26q%3Dcryptocurrency%2Barticles%26hl%3Den%26lr%3Dlang_en%26as_sdt%3D0%2C5,1
https%3A%2F%2Fscholar.google.com%2Fscholar%3Fstart%3D120%26q%3Dpale%2Bfire%2Bnabokov%26hl%3Den%26as_sdt%3D0%2C11,1
https%3A%2F%2Fscholar.google.com%2Fscholar%3Fstart%3D130%26q%3D%2522Cryptocurrency%2BNews%2522%26hl%3Den%26lr%3Dlang_en%26as_sdt%3D0%2C5,1
https%3A%2F%2Fscholar.google.com%2Fscholar%3Fstart%3D130%26q%3Dbody%2Bimage%2Band%2Bself%2Besteem%2Bin%2Btiktok%26hl%3Did%26as_sdt%3D0%2C5%26as_ylo%3D2020,1
https%3A%2F%2Fscholar.google.com%2Fscholar%3Fstart%3D160%26q%3Dbest%2Brehab%2Bfacilities%26hl%3Den%26lr%3Dlang_en%26as_sdt%3D0%2C5,1
https%3A%2F%2Fscholar.google.com%2Fscholar%3Fstart%3D170%26q%3Ddobbs%2Bv%2Bjackson%2Bwomen%25E2%2580%2599s%2Bhealth%2Borganization%26hl%3Dfr%26as_sdt%3D0%2C5,1
https%3A%2F%2Fscholar.google.com%2Fscholar%3Fstart%3D170%26q%3Dus%2Bopen%2Btennis%26hl%3Den%26lr%3Dlang_en%26as_sdt%3D0%2C5,1
https%3A%2F%2Fscholar.google.com%2Fscholar%3Fstart%3D20%26q%3D%2522text%2Bto%2Bimage%2522%2Bdiffusion%2B%2522prompts%2522%26hl%3Den%26as_sdt%3D0%2C5,1
https%3A%2F%2Fscholar.google.com%2Fscholar%3Fstart%3D20%26q%3D%2BSri%2BLanka%2B%2Bbankrupt%26hl%3Dzh-CN%26as_sdt%3D0%2C5%26as_ylo%3D2022%26as_yhi%3D2023,1
calms.k12.com/,1
https%3A%2F%2Fscholar.google.com%2Fscholar%3Fstart%3D20%26q%3DJK%2BRowling%2BCancel%2BCulture%2B%26hl%3Den%26as_sdt%3D0%2C5,1
https%3A%2F%2Fscholar.google.com%2Fscholar%3Fstart%3D20%26q%3Dabortion%2C%2Btwitter%26hl%3Den%26as_sdt%3D0%2C41,1
https%3A%2F%2Fscholar.google.com%2Fscholar%3Fstart%3D20%26q%3Dai%2Bpoetry%26hl%3Den%26as_sdt%3D0%2C5,1
https%3A%2F%2Fscholar.google.com%2Fscholar%3Fstart%3D20%26q%3Dbodies%2Bon%2Btiktok%26hl%3Den%26as_sdt%3D0%2C5,1
https%3A%2F%2Fscholar.google.com%2Fscholar%3Fstart%3D20%26q%3Dchatgpt%26hl%3Dzh-CN%26as_sdt%3D0%2C5,1
https%3A%2F%2Fscholar.google.com%2Fscholar%3Fstart%3D20%26q%3Ddall-e%2Bethics%26hl%3Den%26as_sdt%3D0%2C5,1
https%3A%2F%2Fscholar.google.com%2Fscholar%3Fstart%3D20%26q%3Ddall-e%2Bimages%26hl%3Den%26as_sdt%3D0%2C5,1
https%3A%2F%2Fscholar.google.com%2Fscholar%3Fstart%3D20%26q%3Ddisney%252B%26hl%3Den%26as_sdt%3D0%2C5,1
https%3A%2F%2Fscholar.google.com%2Fscholar%3Fstart%3D20%26q%3Dgpt2%2Brequirements%26hl%3Den%26as_sdt%3D0%2C44,1
https%3A%2F%2Fscholar.google.com%2Fscholar%3Fstart%3D20%26q%3Dpeer%2Breviewed%2Barticle%2Bplanned%2Bparenthood%2Bcontroversy%2Broe%2Bv%2Bwade%2B%26hl%3Den%26as_sdt%3D0%2C31%26as_ylo%3D2018,1
https%3A%2F%2Fscholar.google.com%2Fscholar%3Fstart%3D20%26q%3Dprompt%2Bengineering%26hl%3Den%26as_sdt%3D0%2C41,1
https%3A%2F%2Fscholar.google.com%2Fscholar%3Fstart%3D20%26q%3Dreinforcement%2Blearning%2Btrading%26hl%3Den%26as_sdt%3D0%2C33%26as_ylo%3D2016%26as_vis%3D1,1
https%3A%2F%2Fscholar.google.com%2Fscholar%3Fstart%3D20%26q%3Dresearch%2Barticles%2Bon%2Bdemocratic%2Bviews%2Btowards%2Babortions%26hl%3Den%26as_sdt%3D0%2C10%26as_vis%3D1,1
https%3A%2F%2Fscholar.google.com%2Fscholar%3Fstart%3D20%26q%3Dtiktok%2Balgorithm%2B%26hl%3Den%26as_sdt%3D0%2C5,1
https%3A%2F%2Fscholar.google.co.uk%2Fscholar%3Fstart%3D10%26q%3Dnews%2Bbitcoin%2Brelevance%26hl%3Den%26as_sdt%3D0%2C5,1
https%3A%2F%2Fscholar.google.com%2Fscholar%3Fstart%3D20%26q%3Dtopic%2Bmodeling%2Blegal%2Bcases%26hl%3Den%26as_sdt%3D0%2C31,1
https%3A%2F%2Fscholar.google.com%2Fscholar%3Fstart%3D20%26q%3Dwayne%2Bmcgregor%2Bchoreographer%26hl%3Den%26as_sdt%3D0%2C5,1
https%3A%2F%2Fscholar.google.co.za%2Fscholar%3Fq%3Dclimate%2Bdoomism%2Bacademic%2Barticles%26hl%3Den%26as_sdt%3D0%26as_vis%3D1%26oi%3Dscholart,1
https%3A%2F%2Fscholar.google.com%2Fscholar%3Fstart%3D200%26q%3Dtiktok%2Bapp%26hl%3Den%26lr%3Dlang_en%26as_sdt%3D0%2C33,1
https%3A%2F%2Fscholar.google.com%2Fscholar%3Fstart%3D220%26q%3DBritish%2Bgovernment%2Band%2Bincome%2Bprotection%2Bduring%2Bthe%2BCovid-19%2B%26hl%3Dzh-CN%26as_sdt%3D0%2C5,1
https%3A%2F%2Fscholar.google.com%2Fscholar%3Fstart%3D250%26q%3Dbest%2Bshort%2Bterm%2Bcryptocurrency%2Binvestments%26hl%3Den%26lr%3Dlang_en%26as_sdt%3D0%2C5,1
https%3A%2F%2Fscholar.google.com%2Fscholar%3Fstart%3D250%26q%3Dwhere%2Bto%2Bbuy%2Bcryptocurrency%26hl%3Den%26lr%3Dlang_en%26as_sdt%3D0%2C5,1
https%3A%2F%2Fscholar.google.com%2Fscholar%3Fstart%3D30%26q%3D%2522ai%2Bart%2522%26hl%3Den%26scisbd%3D1%26as_sdt%3D0%2C24,1
https%3A%2F%2Fscholar.google.com%2Fscholar%3Fstart%3D30%26q%3Dbias%2Bchatgpt%26hl%3Den%26as_sdt%3D0%2C47,1
https%3A%2F%2Fscholar.google.com%2Fscholar%3Fstart%3D30%26q%3Dcrypto%2Btrading%2Bexperts%26hl%3Den%26lr%3Dlang_en%26as_sdt%3D0%2C5,1
https%3A%2F%2Fscholar.google.com%2Fscholar%3Fstart%3D30%26q%3Ddogecoin%2Belon%2Bmusk%26hl%3Den%26lr%3Dlang_en%26as_sdt%3D0%2C5,1
https%3A%2F%2Fscholar.google.com%2Fscholar%3Fstart%3D30%26q%3DopenAI%2BGPT%2Bsemantic%26hl%3Den%26as_sdt%3D0%2C33,1
https%3A%2F%2Fscholar.google.com%2Fscholar%3Fstart%3D30%26q%3Dsikkink%2Bjustice%2Bcascade%26hl%3Dsv%26as_sdt%3D0%2C5%26as_ylo%3D2016,1
https%3A%2F%2Fscholar.google.com%2Fscholar%3Fstart%3D30%26q%3Dyoutube%2Balgorithm%26hl%3Den%26as_sdt%3D0%2C5,1
https%3A%2F%2Fscholar.google.com%2Fscholar%3Fstart%3D300%26q%3Dbitcoin%2Bapi%26hl%3Den%26lr%3Dlang_en%26as_sdt%3D0%2C21,1
https%3A%2F%2Fscholar.google.com%2Fscholar%3Fstart%3D300%26q%3Dwriting%2BAND%2B%28student%2BOR%2Blearning%2BOR%2Blearn%2BOR%2BEfL%2BOR%2BEnglish%29%2BAND%2B%28%2522artificial%2Bintelligence%2522%2BOR%2B%2522AI-based%2522%2BOR%2B%2522AI-enabled%2522%2BOR%2BAI%29%2BAND%2B%28Chatgpt%2BOR%2B%2522paraphrasing%2Btool%2522%2BOR%2BQuillbot%2BOR%2B%2522automated%2Bcorrective%2522%2BOR%2B%2522grammar%2Bchecking%2Btool%2522%2BOR%2B%2522Grammar%2Bchecker%2522%2BOR%2B%2522s%26hl%3Den%26as_sdt%3D0%2C5%26as_ylo%3D2020,1
https%3A%2F%2Fscholar.google.com%2Fscholar%3Fstart%3D310%26q%3Dcryptocurrency%2Bprices%26hl%3Den%26lr%3Dlang_en%26as_sdt%3D0%2C5,1
https%3A%2F%2Fscholar.google.com%2Fscholar%3Fstart%3D380%26q%3Dbest%2Bcryptocurrency%2Bexchange%26hl%3Den%26lr%3Dlang_en%26as_sdt%3D0%2C33,1
https%3A%2F%2Fscholar.google.com%2Fscholar%3Fstart%3D40%26q%3DDALL-E%26hl%3Den%26as_sdt%3D0%2C5%26as_ylo%3D2021,1
https%3A%2F%2Fscholar.google.com%2Fscholar%3Fstart%3D40%26q%3Dabortion%2Bshould%2Bbe%2Billegal%26hl%3Den%26as_sdt%3D0%2C10,1
https%3A%2F%2Fscholar.google.com%2Fscholar%3Fstart%3D40%26q%3Ddisney%252B%26hl%3Den%26as_sdt%3D0%2C5%26as_ylo%3D2017%26as_yhi%3D2023,1
https%3A%2F%2Fscholar.google.com%2Fscholar%3Fstart%3D40%26q%3Dfanbase%26hl%3Dzh-CN%26as_sdt%3D0%2C5,1
https%3A%2F%2Fscholar.google.com%2Fscholar%3Fstart%3D40%26q%3Dhistory%2Bof%2Bsocial%2Bmedia%2Balgorithms%2Btiktok%26hl%3Den%26as_sdt%3D0%2C41,1
https%3A%2F%2Fscholar.google.com%2Fscholar%3Fstart%3D40%26q%3Dphoto%2Bjournalism%26hl%3Den%26as_sdt%3D0%2C39%26as_ylo%3D2016,1
https%3A%2F%2Fscholar.google.com%2Fscholar%3Fstart%3D40%26q%3Dpro%2Blife%2Bpro%2Bchoice%2Btwitter%26hl%3Den%26as_sdt%3D0%2C21,1
https%3A%2F%2Fscholar.google.com%2Fscholar%3Fstart%3D40%26q%3Dpump%2Band%2Bdump%26hl%3Dpt-BR%26as_sdt%3D0%2C5,1
https%3A%2F%2Fscholar.google.com%2Fscholar%3Fstart%3D40%26q%3Dthe%2Brocky%2Bhorror%2Bpicture%2Bshow%26hl%3Den%26as_sdt%3D0%2C5,1
https%3A%2F%2Fscholar.google.com%2Fscholar%3Fstart%3D40%26q%3Dtiktok%2Balgorithm%26hl%3Den%26lr%3Dlang_en%26as_sdt%3D0%2C5,1
https%3A%2F%2Fscholar.google.com%2Fscholar%3Fstart%3D40%26q%3Dwrite%2Bsongs%2Bfor%2Bother%2Bartists%26hl%3Dpt-PT%26as_sdt%3D0%2C5%26as_ylo%3D2019,1
https%3A%2F%2Fscholar.google.com%2Fscholar%3Fstart%3D450%26q%3DchatGPT%26hl%3Dar%26as_sdt%3D0%2C5,1
https%3A%2F%2Fscholar.google.com%2Fscholar%3Fstart%3D50%26q%3DPercy%2BJackson%26hl%3Den%26as_sdt%3D0%2C21,1
https%3A%2F%2Fscholar.google.com%2Fscholar%3Fstart%3D50%26q%3Dai%2Band%2Bdance%26hl%3Del%26as_sdt%3D0%2C5,1
https%3A%2F%2Fscholar.google.com%2Fscholar%3Fstart%3D50%26q%3Dallintitle%3A%2B%2522Chat%2BGPT%2522%2BOR%2BChatGPT%26hl%3Dpt-BR%26as_sdt%3D0%2C5%26as_vis%3D1,1
https%3A%2F%2Fscholar.google.com%2Fscholar%3Fstart%3D50%26q%3Dbitcoin%2Bhunter%26hl%3Den%26lr%3Dlang_en%26as_sdt%3D0%2C5,1
https%3A%2F%2Fscholar.google.co.za%2Fscholar%3Fstart%3D80%26q%3DEconomic%2Brelief%2Bmeasures%2BAND%2BCOVID%26hl%3Den%26as_sdt%3D0%2C5,1
https%3A%2F%2Fscholar.google.com%2Fscholar%3Fstart%3D60%26q%3Dbuy%2Btiktok%2Bviews%26hl%3Den%26lr%3Dlang_en%26as_sdt%3D0%2C5,1
https%3A%2F%2Fscholar.google.com%2Fscholar%3Fstart%3D60%26q%3Dcryptocurrency%2BTechnical%2Banalysis%26hl%3Dzh-CN%26as_sdt%3D1%2C5%26as_vis%3D1,1
https%3A%2F%2Fscholar.google.com%2Fscholar%3Fstart%3D60%26q%3Dreddit%2Bcryptocurrency%26hl%3Den%26lr%3Dlang_en%26as_sdt%3D0%2C5,1
https%3A%2F%2Fscholar.google.com%2Fscholar%3Fstart%3D60%26q%3Dspotify%2Blyrics%2Banalysis%26hl%3Did%26as_sdt%3D0%2C5,1
https%3A%2F%2Fscholar.google.com%2Fscholar%3Fstart%3D60%26q%3Dternary%2Bplot%2Bcategory%2Banalysis%2Bsocial%2Bmedia%26hl%3Den%26as_sdt%3D0%2C5,1
https%3A%2F%2Fscholar.google.com%2Fscholar%3Fstart%3D600%26q%3Dbest%2Btrading%2Bplatform%26hl%3Den%26lr%3Dlang_en%26as_sdt%3D0%2C5,1
https%3A%2F%2Fscholar.google.com%2Fscholar%3Fstart%3D70%26q%3Ddeep%2Breinforcement%2Blearning%2Bin%2Bstock%2Btrading%2B%26hl%3Dpt-PT%26as_sdt%3D0%2C5,1
https%3A%2F%2Fscholar.google.com%2Fscholar%3Fstart%3D80%26q%3Dcancel%2Bculture%2Beffects%26hl%3Den%26as_sdt%3D0%2C37%26as_vis%3D1,1
https%3A%2F%2Fscholar.google.com%2Fscholar%3Fstart%3D80%26q%3Dcryptocurrency%2Bnews%26hl%3Den%26lr%3Dlang_en%26as_sdt%3D0%2C5,1
https%3A%2F%2Fscholar.google.com%2Fscholar%3Fstart%3D80%26q%3Dstock%2Bmarket%2Bprice%2Bsignature%2B%26hl%3Den%26as_sdt%3D0%2C5%26as_ylo%3D2022,1
https%3A%2F%2Fscholar.google.com%2Fscholar%3Fstart%3D90%26q%3Dmlb%2Bstats%26hl%3Den%26lr%3Dlang_en%26as_sdt%3D0%2C5,1
https%3A%2F%2Fscholar.google.com%2Fscholar%3Fstart%3D90%26q%3Dpercy%2Bjackson%26hl%3Dde%26as_sdt%3D0%2C5,1
https%3A%2F%2Fscholar.google.com%2Fscholar%3Fstart%3D90%26q%3Dreddit%2Bcryptocurrency%26hl%3Den%26lr%3Dlang_en%26as_sdt%3D0%2C5,1
https%3A%2F%2Fscholar.google.com.au%2Fscholar%3Fhl%3Den%26as_sdt%3D0%252C5%26q%3D%2528Dall-E%2529%2Bopen%2BAI%26btnG%3D,1
https%3A%2F%2Fscholar.google.com.au%2Fscholar%3Fhl%3Den%26as_sdt%3D0%252C5%26q%3DDALL-E%2B2%252C%2Bthe%2Bfuture%2Bof%2BAI%2Bresearch%252C%2Band%2BOpenAI%25E2%2580%2599s%2Bbusiness%2Bmodel%26btnG%3D,1
https%3A%2F%2Fscholar.google.com.au%2Fscholar%3Fhl%3Den%26as_sdt%3D0%252C5%26q%3Dnetflix%2Brevenue%2Bcompared%2Bto%2Bdinsey%26btnG%3D,1
https%3A%2F%2Fscholar.google.com.au%2Fscholar%3Fhl%3Den%26as_sdt%3D0%252C5%26q%3Dprompt%2Bengineering%2Bin%2BNLP%26btnG%3D,1
https%3A%2F%2Fscholar.google.com.au%2Fscholar%3Fhl%3Den%26as_sdt%3D0%252C5%26q%3Dtik%2Btok%2Bbeauty%2Bstandards%26oq%3Dtik%2Btok%2Bbeauty%2Bsta,1
https%3A%2F%2Fscholar.google.com.au%2Fscholar%3Fstart%3D10%26q%3Dprompt%2Bengineering%26hl%3Den%26as_sdt%3D0%2C5,1
https%3A%2F%2Fscholar.google.com.au%2Fscholar%3Fstart%3D60%26q%3DChatGPT%2Bopen.ai%26hl%3Den%26as_sdt%3D0%2C5,1
https%3A%2F%2Fscholar.google.com.br%2Fscholar%3Fhl%3Dpt-PT%26as_sdt%3D0%252C5%26q%3Dspotify%2Bmental%2Bhealth%26oq%3DSpotify%2Bment,1
https%3A%2F%2Fscholar.google.com.hk%2Fscholar%3Fhl%3Dzh-CN%26as_sdt%3D0%252C5%26q%3Dai%2Bart%2Bgenerators%26btnG%3D,1
https%3A%2F%2Fscholar.google.com.hk%2Fscholar%3Fstart%3D110%26q%3Dnew%2Brights%2Bof%2Bprivacy%26hl%3Dzh-CN%26as_sdt%3D0%2C5%26as_ylo%3D2019,1
https%3A%2F%2Fscholar.google.com.tr%2Fscholar%3Fas_ylo%3D2021%26q%3Dfreedom%2Bhouse%2Bindex%26hl%3Dtr%26as_sdt%3D0%2C5,1
https%3A%2F%2Fscholar.google.com.tr%2Fscholar%3Fstart%3D90%26q%3Dcryptocurrency%2Bmarket%2Bprediction%26hl%3Dtr%26as_sdt%3D0%2C5,1
https%3A%2F%2Fscholar.google.com.tw%2Fscholar%3Fstart%3D10%26q%3DTikTok%2Balgorithm%26hl%3Den%26as_sdt%3D0%2C5,1
"https%3A%2F%2Fscholar.google.com.tw%2Fscholar%3Fstart%3D10%26q%3DTikTok%2Balgorithm%26hl%3Den%26as_sdt%3D0%2C5#search=""TikTok algorithm""",1
https%3A%2F%2Fscholar.google.de%2Fscholar%3Fhl%3Dde%26as_sdt%3D0%252C5%26as_vis%3D1%26q%3D%2Bai%2Bimage%2Bgenerators%2B%26btnG%3D,1
https%3A%2F%2Fscholar.google.com%2Fscholar%3Fas_sdt%3D0%252C5%26btnG%3D%26hl%3Dde%26inst%3D8253375432753056839%26q%3Dftx%2520journalism,1
https%3A%2F%2Fscholar.google.de%2Fscholar%3Fhl%3Dde%26as_sdt%3D0%252C5%26q%3DAI%2Band%2BScreen%2Bwriting%26btnG%3D,1
https%3A%2F%2Fscholar.google.com%2Fscholar%3Fas_sdt%3D0%2C5%26q%3Dfomc%2Bsentiment%2Banalysis%26hl%3Dzh-CN,1
https%3A%2F%2Fscholar.google.de%2Fscholar%3Fhl%3Dde%26as_sdt%3D0%252C5%26q%3DJ.K.%2BRowling%2Bcancellation%2B%26btnG%3D,1
https%3A%2F%2Fscholar.google.de%2Fscholar%3Fhl%3Dde%26as_sdt%3D0%252C5%26q%3Dai%2Bimage%2Bgenerator%26btnG%3D,1
https%3A%2F%2Fscholar.google.de%2Fscholar%3Fhl%3Dde%26as_sdt%3D0%252C5%26q%3Dart%2Bdall-e%26btnG%3D,1
https%3A%2F%2Fscholar.google.de%2Fscholar%3Fhl%3Dde%26as_sdt%3D0%252C5%26q%3Dbeauty%2Bstandards%2Balgorithm%2B%26btnG%3D,1
https%3A%2F%2Fscholar.google.de%2Fscholar%3Fhl%3Dde%26as_sdt%3D0%252C5%26q%3Dclimate%2Bdoomism%26btnG%3D,1
https%3A%2F%2Fscholar.google.de%2Fscholar%3Fhl%3Dde%26as_sdt%3D0%252C5%26q%3Dgpt-2%2Bcontent%2Bmarketing%26btnG%3D,1
https%3A%2F%2Fscholar.google.de%2Fscholar%3Fhl%3Dde%26as_sdt%3D0%252C5%26q%3Dimage%2Bgenerator%2Bai%26btnG%3D,1
https%3A%2F%2Fscholar.google.de%2Fscholar%3Fhl%3Dde%26as_sdt%3D0%252C5%26q%3Dlensa%2BAI%26btnG%3D,1
https%3A%2F%2Fscholar.google.com%2Fscholar%3Fas_ylo%3D2016%26q%3Dabortion%2Bprivacy%26hl%3Den%26as_sdt%3D0%2C5,1
https%3A%2F%2Fscholar.google.de%2Fscholar%3Fhl%3Dde%26as_sdt%3D0%252C5%26q%3Dtiktok%2Balgorithm%2Bbeauty%26btnG%3D,1
https%3A%2F%2Fscholar.google.de%2Fscholar%3Fq%3Dtime%2Bseries%2Bforecasting%2Busing%2Bmachine%2Blearning%26hl%3Dde%26as_sdt%3D0%26as_vis%3D1%26oi%3Dscholart,1
https%3A%2F%2Fscholar.google.de%2Fscholar%3Fstart%3D10%26q%3Dchatgpt%26hl%3Dde%26as_sdt%3D0%2C5,1
https%3A%2F%2Fscholar.google.de%2Fscholar%3Fstart%3D10%26q%3Dgpt-2%26hl%3Dde%26as_sdt%3D0%2C5%26as_ylo%3D2020,1
https%3A%2F%2Fscholar.google.de%2Fscholar%3Fstart%3D20%26q%3Dtemperature%2Bgpt-2%26hl%3Dde%26as_sdt%3D0%2C5,1
https%3A%2F%2Fscholar.google.dk%2Fscholar%3Fhl%3Dda%26as_sdt%3D0%252C5%26q%3DLensa%2Bai%26btnG%3D,1
https%3A%2F%2Fscholar.google.es%2Fscholar%3Fhl%3Des%26as_sdt%3D0%252C5%26q%3D%2522Policy%2BResponses%2Bto%2BCOVID19%2522%2Band%2BInternational%2Bmonetary%2Bfunds%26btnG%3D,1
chicagounbound.uchicago.edu/,1
https%3A%2F%2Fscholar.google.es%2Fscholar%3Fhl%3Des%26as_sdt%3D0%252C5%26q%3Dai%2Bimage%2Bgenerators%26btnG%3D,1
https%3A%2F%2Fscholar.google.hu%2Fscholar%3Fhl%3Den%26as_sdt%3D0%252C5%26q%3DHuang%252C%2BZ.%2B%25282022%2529.%2BAnalysis%2Bof%2BText-to-Image%2BAI%2BGenerators%26btnG%3D,1
https%3A%2F%2Fscholar.google.com%2Fscholar%3Fas_ylo%3D2017%26q%3Dwomen%2527s%2Btennis%2Bpay%2Bgap%26hl%3Den%26as_sdt%3D0%2C5,1
https%3A%2F%2Fscholar.google.com%2Fscholar%3Fas_ylo%3D2018%26q%3D%2522reinforcement%2Blearning%2522%2Bportfolio%2Bgithub%26hl%3Dzh-CN%26as_sdt%3D0%2C5,1
https%3A%2F%2Fscholar.google.nl%2Fscholar%3Fhl%3Dnl%26as_sdt%3D0%252C5%26q%3Dtext-to-image%2BAI%2Bgenerator%2B%26btnG%3D,1
https%3A%2F%2Fscholar.google.nl%2Fscholar%3Fhl%3Dnl%26as_sdt%3D0%2C5%26inst%3D4701840609672088137%26q%3Danalysis%2Bof%2BText-to-Image%2BAI%2BGenerators,1
https%3A%2F%2Fscholar.google.pt%2Fscholar%3Fhl%3Dpt-PT%26as_sdt%3D0%252C5%26q%3DAbby%2BPlone.%2B2019.%2BThe%2BInfluence%2Bof%2BArtificial%2BIntelligence%2Bin%2BDance%2BChoreography.%2B%25282019%2529.%2BFrancisco%2BSagasti.%2B2019.%2BInformation%2BTechnology%2Band%2Bthe%2BArts%253A%2BThe%2BEvolution%2Bof%2BComputer%2BChoreography%2Bduring%2Bthe%2BLast%2BHalf%2BCentury.%2BDance%2BChronicle%2B42%252C%2B1%2B%25282019%2529%252C%2B1%25E2%2580%259352.%2BAlex%2BSherstinsky.%2B2020.%2BFundamentals%2Bof%2Brecurrent%2Bneural%2Bnetwork%2B%2528RNN%2529%2Band%2Blong%2Bshort-term%2Bmemory%2B%2528LSTM%2529%2Bnetwork.%2BPhysica%2BD%253A%2BNonlinear%2BPhenomena%2B404%2B%25282020%2529%252C%2B132306.%2BSW%2BSmoliar%2Band%2BLynne%2BWeber.%2B1977.%2BUsing%2Bthe%2Bcomputer%2Bfor%2Ba%2Bsemantic%2Brepresentation%2Bof%2BLabanotation.%2BIn%2BComputing%2Band%2Bthe%2BHumanities.%2BUniversity%2Bof%2BWaterloo%2BPress%2BWaterloo%252C%2BOntario%252C%2B253%25E2%2580%2593261.%2BCatherine%2BStevens%2Band%2BShirley%2BMcKechnie.%2B2005.%2BThinking%2Bin%2Baction%253A%2Bthought%2Bmade%2Bvisible%2Bin%2Bcontemporary%2Bdance.%2BCognitive%2BProcessing%2B6%252C%2B4%2B%25282005%2529%252C%2B243%25E2%2580%2593252.%2BWeichen%2BZhang%252C%2BZhiguang%2BLiu%252C%2BLiuyang%2BZhou%252C%2BHoward%2BLeung%252C%2Band%2BAntoni%2BB%2BChan.%2B2017.%2BMartial%2Barts%252C%2Bdancing%2Band%2Bsports%2Bdataset%253A%2BA%2Bchallenging%2Bstereo%2Band%2Bmulti-view%2Bdataset%2Bfor%2B3d%2Bhuman%2Bpose%2Bestimation.%2BImage%2Band%2BVision%2BComputing%2B61%2B%25282017%2529%252C%2B22%25E2%2580%259339.%2BYi%2BZhang%2Band%2BMengni%2BZhang.%2B2020.%2BMachine%2Blearning%2Bmodel-based%2Btwo-dimensional%2Bmatrix%2Bcomputation%2Bmodel%2Bfor%2Bhuman%2Bmotion%2Band%2Bdance%2Brecovery.%2BComplex%2B%2526%2BIntelligent%2BSystems%2B%25282020%2529%252C%2B1%25E2%2580%259311.%26btnG%3D,1
https%3A%2F%2Fscholar.google.pt%2Fscholar%3Fhl%3Dpt-PT%26as_sdt%3D0%252C5%26q%3DThe%2BInfluence%2Bof%2BArtificial%2BIntelligence%2Bin%2BDance%2BChoreography%2509Abby%2BPlone%26btnG%3D,1
https%3A%2F%2Fscholar.google.pt%2Fscholar%3Fhl%3Dpt-PT%26as_sdt%3D0%252C5%26q%3Dabby%2Balone%2BThe%2BInfluence%2Bof%2BArtificial%2BIntelligence%2Bin%2BDance%2BChoreography%26btnG%3D,1
https%3A%2F%2Fscholar.google.ru%2Fscholar%3Fas_ylo%3D2018%26q%3Dgenetic%2Balgorithms%2Btrading%26hl%3Dru%26as_sdt%3D0%2C5,1
https%3A%2F%2Fscholar.google.ru%2Fscholar%3Fq%3Dlana%2Bdel%2Brey%2Bgot%2Bcancelled%26hl%3Dru%26as_sdt%3D0%2C5,1
"https%3A%2F%2Fwww.bing.com%2Facademic%2Fsearch%3Fq%3DCreating%2Bart%2Busing%2Bgenerative%2Badversarial%2Bnetworks%26qs%3Dn%26form%3DQBRE%26sp%3D-1%26pq%3Dcreating%2Bart%2Busing%2Bgenerative%2Badversarial%2Bnetworks%26sc%3D0-50%26sk%3D%26cvid%3DACF998FB932745E9A1D54671E74BE96F#search=""Creating art using generative adversarial networks""",1
https%3A%2F%2Fwww.bing.com%2Fsearch%3Fq%3Dusing%2520using%2520neural%2520networks%2520in%2520baseball%26pc%3D0APE%26ptag%3DG6C19N903A697B6002AE%26form%3DCONBNT%26conlogo%3DCT3210127,1
https%3A%2F%2Fscholar.google.com%2Fscholar%3Fas_ylo%3D2018%26q%3Dnetflix%2Bstreaming%2Bplatform%2Bdataset%26hl%3Den%26as_sdt%3D0%2C10%26as_vis%3D1,1
https%3A%2F%2Fwww.google.com%2Fsearch%3Fq%3DAI-generated%2Bcomedy%26rlz%3D1C9BKJA_enRU893RU906%26hl%3Dru%26sourceid%3Dchrome-mobile%26ie%3DUTF-8,1
https%3A%2F%2Fwww.google.com%2Fsearch%3Fq%3DSystem%2BAnalysis%2Bof%2BAI%2BImage%2BGenerator%26rlz%3D1C1ONGR_enIN990IN990%26sxsrf%3DAPwXEdcS3rTQHapZELt1wHV2OYcfvEZozg%253A1682159556882%26ei%3DxLdDZIawNf2hseMPuteEgAM%26ved%3D0ahUKEwiGot_WpL3-AhX9UGwGHborATAQ4dUDCBA%26uact%3D5%26oq%3DSystem%2BAnalysis%2Bof%2BAI%2BImage%2BGenerator%26gs_lcp%3DCgxnd3Mtd2l6LXNlcnAQAzIECCMQJzoKCAAQRxDWBBCwAzoKCAAQigUQsAMQQzoFCAAQgAQ6CggAEIAEEBQQhwI6BggAEBYQHjoICAAQFhAeEA86BwgAEIoFEEM6BQguEIAESgQIQRgAUNQCWO1aYJtcaAVwAXgAgAGeA4gBlyOSAQowLjI1LjEuMS4xmAEAoAEByAEKwAEB%26sclient%3Dgws-wiz-serp,1
https%3A%2F%2Fwww.google.com%2Fsearch%3Fq%3DTikTok%2Balgorithm%2Bcontroversy%2Bbeauty%26rlz%3D1CDGOYI_enUS936US936%26hl%3Den-US%26biw%3D414%26bih%3D720%26ei%3DVKJMZOTMEaL1kPIP9vWFoAE%26oq%3DTikTok%2Balgorithm%2Bcontroversy%2Bbeauty%26gs_lcp%3DChNtb2JpbGUtZ3dzLXdpei1zZXJwEAMyBQghEKABMgUIIRCgATIFCCEQoAE6CggAEEcQ1gQQsAM6BggAEBYQHjoICAAQigUQhgM6BQghEKsCOggIIRAWEB4QHUoECEEYAFD-CFj-FWD1GWgBcAB4AIABbogBhwWSAQM1LjKYAQCgAQHIAQjAAQE%26sclient%3Dmobile-gws-wiz-serp,1
https%3A%2F%2Fscholar.google.com%2Fscholar%3Fas_ylo%3D2018%26q%3Dtoxic%2Bbeauty%2Bstandards%26hl%3Den%26as_sdt%3D0%2C5,1
https%3A%2F%2Fwww.google.com%2Fsearch%3Fq%3Dbitcoin%2Bnatural%2Blanguage%2Bprocessing%26client%3Dfirefox-b-m%26ei%3DTOnVXdemJJmV4-EPro2WkAk%26start%3D10%26sa%3DN,1
https%3A%2F%2Fwww.google.com%2Fsearch%3Fq%3Ddigital%2Bhumanities%2Bmachine%2Blearning%2Btrading%2Bstock%26ie%3Dutf-8%26oe%3Dutf-8%26client%3Dfirefox-b-m,1
https%3A%2F%2Fwww.google.com%2Fsearch%3Fq%3Dfiletype%3Apdf%2B%7Ereddit%2B%7Ebubble%2B%7Ecryptocurrency%2B%7Estocks%2B%7Ebitcoin%26client%3Dfirefox-b-d%26sxsrf%3DAPq-WBtNUztSVID5gI4zLwQSi1ItIhxomw%3A1645078574293%26ei%3DLugNYvaGEbnl2roPwI-1oAk%26start%3D20%26sa%3DN%26ved%3D2ahUKEwj21bCgi4b2AhW5slYBHcBHDZQ4ChDw0wN6BAgBEEo%26biw%3D962%26bih%3D919%26dpr%3D1,1
https%3A%2F%2Fwww.google.com%2Fsearch%3Fq%3Dhow%2Bto%2Bprevent%2Bbiasing%2Bin%2Byoutube%2Bvideo%26rlz%3D1C1CHBF_enIN925IN925%26oq%3Dhow%2Bto%2Bprevent%2Bbiasing%2Bin%2Byoutu%26aqs%3Dchrome.2.69i57j33i10i160l3j33i22i29i30.16304j0j7%26sourceid%3Dchrome%26ie%3DUTF-8,1
https%3A%2F%2Fwww.google.com%2Fsearch%3Fq%3Dopenai%2Bsuicide%2Bresponse%26rlz%3D1CDGOYI_enUS980US980%26oq%3Dopenai%2Bsuicide%2Bresponse%26aqs%3Dchrome..69i57j0i546l5.17626j0j7%26hl%3Den-US%26sourceid%3Dchrome-mobile%26ie%3DUTF-8,1
https%3A%2F%2Fwww.google.com%2Fsearch%3Fq%3Dreinforcement%2Blearning%2Btrading%26hl%3Dde-DE%26ei%3DY30wXuS-KZDLwQKR-KtA%26start%3D30%26sa%3DN,1
com.google.android.googlequicksearchbox/,1
https%3A%2F%2Fwww.google.com%2Fsearch%3Fq%3Dspotify%2Bsong%2Bfeatures%2Bdataset%26rlz%3D1C9BKJA_enUS926CA927%26oq%3Dspo%26aqs%3Dchrome.1.69i57j35i39l2j69i65l2j69i60.8198j0j7%26hl%3Den-US%26sourceid%3Dchrome-mobile%26ie%3DUTF-8,1
https%3A%2F%2Fwww.google.com%2Fsearch%3Fq%3Dtiktok%2Buses%2Bfacial%2Brecognition%2Bto%2Bpromote%2Battractive%2Bpeople%26rlz%3D1CDGOYI_enUS856US856%26oq%3Dtiktok%2Buses%2Bfacial%2Brecognition%2Bto%2Bpromote%2Battractive%2Bpeople%2B%26aqs%3Dchrome..69i57.25268j0j4%26hl%3Den-US%26sourceid%3Dchrome-mobile%26ie%3DUTF-8,1
https%3A%2F%2Fwww.google.com%2Furl%3Fq%3Dhttps%3A%2F%2Fdigital.kenyon.edu%2Fcgi%2Fviewcontent.cgi%253Farticle%253D1022%2526context%253Ddh_iphs_ai%26sa%3DU%26sqi%3D2%26ved%3D2ahUKEwiboNm8lJf8AhX84TgGHakWCVsQFnoECBwQAQ%26usg%3DAOvVaw0GAyl10bytfROXH6my7A3z,1
https%3A%2F%2Fwww.google.com%2Furl%3Fq%3Dhttps%3A%2F%2Fdigital.kenyon.edu%2Fcgi%2Fviewcontent.cgi%253Farticle%253D1023%2526context%253Ddh_iphs_prog%26sa%3DU%26ved%3D2ahUKEwiH46Om56P7AhWCA4gKHaG9Di04ChAWegQIBxAB%26usg%3DAOvVaw1lOc1NL6hBiP38gkmY8RTI,1
https%3A%2F%2Fwww.google.com%2Furl%3Fq%3Dhttps%3A%2F%2Fdigital.kenyon.edu%2Fcgi%2Fviewcontent.cgi%253Farticle%253D1027%2526context%253Ddh_iphs_prog%2523%3A%7E%3Atext%253DWith%252520how%252520Bytedance%252520controls%252520TikTok%2527s%2Cthat%252520we%252520feed%252520to%252520it.%26sa%3DU%26sqi%3D2%26ved%3D2ahUKEwityaflkvj8AhXxMlkFHbZ9AmgQFnoECBMQBg%26usg%3DAOvVaw3wAp8do2xJTQlAkeEdf18h,1
https%3A%2F%2Fscholar.google.com%2Fscholar%3Fas_ylo%3D2019%26q%3Dhindu%2Bnepali%2Bcaste%26hl%3Den%26as_sdt%3D0%2C2,1
https%3A%2F%2Fscholar.google.com%2Fscholar%3Fas_ylo%3D2019%26q%3Dsuzanne%2Blanger%26hl%3Den%26as_sdt%3D0%2C5,1
https%3A%2F%2Fwww.google.com%2Furl%3Fq%3Dhttps%3A%2F%2Fdigital.kenyon.edu%2Fcgi%2Fviewcontent.cgi%253Farticle%253D1027%2526context%253Ddh_iphs_prog%26sa%3DU%26ved%3D2ahUKEwi2ptPpwKb7AhVtjokEHa-DCgcQFnoECAUQAQ%26usg%3DAOvVaw3mHl3DVSDcGtrTHqejyvRu,1
https%3A%2F%2Fwww.google.com%2Furl%3Fq%3Dhttps%3A%2F%2Fdigital.kenyon.edu%2Fcgi%2Fviewcontent.cgi%253Farticle%253D1035%2526context%253Ddh_iphs_prog%26sa%3DU%26ved%3D2ahUKEwjd-oyH7Ib9AhUvLzQIHTuDBos4ChAWegQIBRAB%26usg%3DAOvVaw3B-i3G5g0JYJtKbqTJW2OA,1
https%3A%2F%2Fwww.google.com%2Furl%3Fq%3Dhttps%3A%2F%2Fdigital.kenyon.edu%2Fcgi%2Fviewcontent.cgi%253Farticle%253D1037%2526context%253Ddh_iphs_prog%26sa%3DU%26sqi%3D2%26ved%3D2ahUKEwj3j8757Yf8AhXaFogKHXStCdUQFnoECAYQAQ%26usg%3DAOvVaw0egxWGSwAq1U10tF2W_B6b,1
https%3A%2F%2Fwww.google.com%2Furl%3Fq%3Dhttps%3A%2F%2Fdigital.kenyon.edu%2Fcgi%2Fviewcontent.cgi%253Farticle%253D1038%2526context%253Ddh_iphs_prog%26sa%3DU%26ved%3D2ahUKEwiCk8zjwOP9AhVYBUQIHabBD_gQFnoECAQQAQ%26usg%3DAOvVaw2Whsbqo0ReRQJ49geSu9EB,1
https%3A%2F%2Fscholar.google.com%2Fscholar%3Fas_ylo%3D2020%26q%3Dchildren%2Bin%2Bcages%2Bat%2Bthe%2BMexican%2Bborder%26hl%3Den%26as_sdt%3D0%2C9,1
https%3A%2F%2Fwww.google.com%2Furl%3Fq%3Dhttps%3A%2F%2Fdigital.kenyon.edu%2Fcgi%2Fviewcontent.cgi%253Farticle%253D1048%2526context%253Ddh_iphs_prog%26sa%3DU%26ved%3D2ahUKEwiMxPSw_IX9AhVzLEQIHV4IAqE4HhAWegQIBRAB%26usg%3DAOvVaw2EOQoszF3BLYvgKE4zopcr,1
https%3A%2F%2Fwww.google.com%2Furl%3Fq%3Dhttps%3A%2F%2Fdigital.kenyon.edu%2Fcgi%2Fviewcontent.cgi%253Farticle%253D1048%2526context%253Ddh_iphs_prog%26sa%3DU%26ved%3D2ahUKEwjTv4rO4Nr9AhXpp1YBHelABokQFnoECCYQAQ%26usg%3DAOvVaw0bJjpBNUsWYrqcR_fzoHRL,1
https%3A%2F%2Fwww.google.com%2Furl%3Fq%3Dhttps%3A%2F%2Fdigital.kenyon.edu%2Fcgi%2Fviewcontent.cgi%253Farticle%253D1048%2526context%253Ddh_iphs_prog%26sa%3DU%26ved%3D2ahUKEwjz_dLi_ub9AhXxrJUCHZqhAFYQFnoECAcQAQ%26usg%3DAOvVaw0ACcH5KZA0mlzn5C1DCLtN,1
https%3A%2F%2Fwww.google.com%2Furl%3Fq%3Dhttps%3A%2F%2Fdigital.kenyon.edu%2Fcgi%2Fviewcontent.cgi%253Farticle%253D1050%2526context%253Ddh_iphs_prog%26sa%3DU%26sqi%3D2%26ved%3D2ahUKEwifp6bVy5r9AhWdsFYBHYatAagQFnoECAgQAQ%26usg%3DAOvVaw2e_MMewBX8Pbn6Ofke_xCY,1
https%3A%2F%2Fwww.google.com%2Furl%3Fq%3Dhttps%3A%2F%2Fdigital.kenyon.edu%2Fcgi%2Fviewcontent.cgi%3Farticle%253D1017%2526context%253Ddh_iphs_ai%26sa%3DD%26source%3Ddocs%26ust%3D1674714765938980%26usg%3DAOvVaw0MjviA5kt9KfmNsQe8Rf-K,1
https%3A%2F%2Fwww.google.com%2Furl%3Fq%3Dhttps%3A%2F%2Fdigital.kenyon.edu%2Fcgi%2Fviewcontent.cgi%3Farticle%253D1023%2526context%253Ddh_iphs_ai%26sa%3DD%26source%3Deditors%26ust%3D1614916253103000%26usg%3DAOvVaw3VvVzWvdsKiqhjInQDe0UA,1
https%3A%2F%2Fwww.google.com%2Furl%3Fq%3Dhttps%3A%2F%2Fdigital.kenyon.edu%2Fcgi%2Fviewcontent.cgi%3Farticle%253D1027%2526context%253Ddh_iphs_prog%26sa%3DD%26source%3Ddocs%26ust%3D1652899405134224%26usg%3DAOvVaw0ZJF9gGW-gRIBtxEbMlQBh,1
https%3A%2F%2Fwww.google.com%2Furl%3Fq%3Dhttps%3A%2F%2Fdigital.kenyon.edu%2Fcgi%2Fviewcontent.cgi%3Farticle%253D1027%2526context%253Ddh_iphs_prog%26sa%3DD%26source%3Ddocs%26ust%3D1652952189541593%26usg%3DAOvVaw2cI6bWtcZC4Kvv2O7sQQDn,1
https%3A%2F%2Fwww.google.com%2Furl%3Fq%3Dhttps%3A%2F%2Fdigital.kenyon.edu%2Fcgi%2Fviewcontent.cgi%3Farticle%253D1027%2526context%253Ddh_iphs_prog%26sa%3DD%26source%3Deditors%26ust%3D1630038902816000%26usg%3DAOvVaw0fRMiEIhFu7J3DBUsBBlgT,1
https%3A%2F%2Fwww.google.com%2Furl%3Fq%3Dhttps%3A%2F%2Fdigital.kenyon.edu%2Fcgi%2Fviewcontent.cgi%3Farticle%253D1029%2526context%253Ddh_iphs_prog%26sa%3DD%26source%3Ddocs%26ust%3D1645332187346685%26usg%3DAOvVaw2Oy9fECb0_MDCHdCXHk6Ji,1
https%3A%2F%2Fwww.google.com%2Furl%3Fq%3Dhttps%3A%2F%2Fdigital.kenyon.edu%2Fcgi%2Fviewcontent.cgi%3Farticle%253D1033%2526context%253Ddh_iphs_ai%26sa%3DD%26source%3Ddocs%26ust%3D1656904147447795%26usg%3DAOvVaw2tFhsjbwlu-UlRGFlTIlI6,1
https%3A%2F%2Fwww.google.com.hk%2Fsearch%3Fsafe%3Dstrict%26source%3Dhp%26ei%3D-E5jX6KqDeGFr7wPy6ammA8%26q%3Dai%2Bdance%26oq%3Dai%2Bdance%26gs_lcp%3DChFtb2JpbGUtZ3dzLXdpei1ocBADMgYIABAHEB4yBggAEAcQHjIGCAAQBxAeMgYIABAHEB4yBggAEAcQHjIGCAAQBxAeMggIABAHEAoQHjIGCAAQBxAeUABYAGC11QVoAHAAeACAAdgCiAHYApIBAzMtMZgBAA%26sclient%3Dmobile-gws-wiz-hp,1
keep.google.com/,1
liberalarts.researchcommons.org/,1
my.noodletools.com/,1
openspaces.unk.edu/,1
org.telegram.messenger/,1
paperpile.com/,1
pdfdrive.webs.nf/,1
pdfs.hu/,1
plagiarismdetector.net/,1
plagscan.com,1
proxy.niostack.com/scholar,1
r.search.yahoo.com/_ylt=Awr4xJVHp35f.N8AFUpXNyoA;_ylu=Y29sbwNncTEEcG9zAzYEdnRpZAMEc2VjA3Ny/RV=2/RE=1602164679/RO=10/RU=https%3a%2f%2fdigital.kenyon.edu%2fcgi%2fviewcontent.cgi%3farticle%3d1005%26context%3ddh_iphs_ai/RK=2/RS=2aHSSFEVBEHL_JrCdK6oMaIqFB4-,1
r.search.yahoo.com/_ylt=AwrtFpwIeSBhh2wAEFRr1gt.;_ylu=Y29sbwN0dzEEcG9zAzcEdnRpZAMEc2VjA3Ny/RV=2/RE=1629546889/RO=10/RU=https%3a%2f%2fdigital.kenyon.edu%2fcgi%2fviewcontent.cgi%3farticle%3d1016%26context%3ddh_iphs_ai/RK=2/RS=RHT2HGPB3aIqCGcQki2BYMC3JwI-,1
scholar-google-com-au.ezproxy.flinders.edu.au/,1
scholar-google-com.ezprimo1.idc.ac.il/,1
scholar-google-com.ezproxy.haifa.ac.il/,1
scholar-google-com.ezproxy.its.uu.se/,1
scholar-google-com.ezproxy.library.wisc.edu/,1
scholar-google-com.ezproxy.usca.edu/,1
scholar-google-com.huaryu.kl.oakland.edu/,1
scholar-google-com.kuleuven.e-bronnen.be/,1
https%3A%2F%2Fscholar.google.com%2Fscholar%3Fas_ylo%3D2020%26q%3Dcurrent%2Bunemployment%2Brate%2Bunited%2Bstates%26hl%3Den%26as_sdt%3D0%2C11,1
scholar-google-com.proxy.lib.umich.edu/,1
scholar-google-com.proxy.library.umkc.edu/,1
scholar-google-com.proxy.library.vanderbilt.edu/,1
scholar.google.be/scholar_url,1
scholar.google.co.cr/,1
scholar.google.co.ve/,1
scholar.google.com.pe/,1
scholar.google.com.py/,1
scholar.google.com.vn/,1
scholar.google.fi/,1
scholar.google.lu/,1
scholarworks.rit.edu/,1
https%3A%2F%2Fscholar.google.com%2Fscholar%3Fas_ylo%3D2020%26q%3Dincrease%2Bof%2Bunemployment%2Brates%26hl%3Den%26as_sdt%3D0%2C5,1
search.aol.co.uk/click/_ylt=AwrJS9elxvRfOGYApDUECmVH;_ylu=Y29sbwNpcjIEcG9zAzEEdnRpZAMEc2VjA3Ny/RV=2/RE=1609905957/RO=10/RU=https%3a%2f%2fworks.bepress.com%2fjon-chun%2f4%2fdownload%2f/RK=0/RS=siM0EoCjlzD.qc0s6IVzLcbv_oo-,1
search.desideriosoldi.com/,1
https%3A%2F%2Fscholar.google.com%2Fscholar%3Fas_ylo%3D2021%26q%3Dabortion%2Bshould%2Bbe%2Billegal%26hl%3Den%26as_sdt%3D0%2C33,1
spider4.9dok.net/,1
https%3A%2F%2Fscholar.google.com%2Fscholar%3Fas_ylo%3D2021%26q%3Dabortion%2Bshould%2Bbe%2Billegal%26hl%3Dko%26as_sdt%3D0%2C5,1
storyghost.ai/philosophy/2020/11/25/hello-world/,1
teams.microsoft.com/,1
https%3A%2F%2Fscholar.google.com%2Fscholar%3Fas_ylo%3D2021%26q%3Dneutral%2Babortion%2Bopinion%26hl%3Den%26as_sdt%3D0%2C44%26as_vis%3D1,1
translate.googleusercontent.com/translate_c,1
tw.search.yahoo.com/,1
us9060.scholar.eu.org/,1
webcache.googleusercontent.com/search,1
works.bepress.com/jon-chun/,1
works.bepress.com/jon-chun/4/download/,1
works.bepress.com/kate_elkins/,1
works.bepress.com/kate_elkins/14,1
works.bepress.com/kate_elkins/14/download,1
works.bepress.com/kate_elkins/14/download/,1
www.bestcolleges.com/news/analysis/ai-replace-graphic-design-degree/,1
www.chegg.com/,1
www.duckduckgo.com/,1
www.facebook.com/,1
www.freefullpdf.com/,1
www.google.as/,1
www.google.at/,1
www.google.cm/,1
www.google.co.cr/,1
www.google.co.jp/url,1
www.google.co.nz/,1
www.google.com.hk/search,1
www.google.com.pk/,1
www.google.com.uy/,1
www.google.com.vn/url,1
https%3A%2F%2Fscholar.google.com%2Fscholar%3Fas_ylo%3D2021%26q%3Dwhy%2Babortion%2Bshould%2Bbe%2Blegal%26hl%3Den%26as_sdt%3D0%2C39,1
www.google.lt/,1
www.google.lv/,1
www.google.pt/,1
www.google.sk/,1
https%3A%2F%2Fscholar.google.com%2Fscholar%3Fas_ylo%3D2022%26q%3DDALLE%2B2%2BText-to-Image%2BSystem%26hl%3Den%26as_sdt%3D0%2C10,1
www.scidown.cn/go/google.php,1
www.twitter.com/,1
x.glgoo.top/,1
xilesou.hk.gg363.site/url,1
https%3A%2F%2Fscholar.google.com%2Fscholar%3Fas_ylo%3D2022%26q%3Dai%2Bart%2Bgenerator%2Bcontent%26hl%3Dzh-CN%26as_sdt%3D0%2C5,1
https%3A%2F%2Fscholar.google.com%2Fscholar%3Fhl%3Den%26as_sdt%3D0%252C47%26q%3DTime%2BSeries%2BForecasting%2BUsing%2BMachine%25C2%25A0Learning%26btnG%3D,1